,id,is_free,price,total_positive_reviews,total_negative_reviews,Adventure,Casual,Indie,RPG,Action,Strategy,Simulation,Sports,Massively Multiplayer,Violent,Free to Play,Early Access,Gore,Nudity,Single-player,Steam Trading Cards,Steam Cloud,Partial Controller Support,Full controller support,Multi-player,Steam Achievements,Steam Workshop,Co-op,Steam Leaderboards,Online Co-op,Local Co-op,Shared/Split Screen,Stats,Online Multi-Player,Cross-Platform Multiplayer,SteamVR Collectibles,Local Multi-Player,Remote Play on Phone,Remote Play on Tablet,Remote Play on TV,Valve Anti-Cheat enabled,Commentary available,Captions available,Includes level editor,In-App Purchases,VR Support,MMO,tag_action,tag_atmospheric,tag_co,tag_fantasy,tag_fi,tag_great,tag_indie,tag_multiplayer,tag_op,tag_open,tag_person,tag_rich,tag_rpg,tag_sci,tag_soundtrack,tag_story,tag_strategy,tag_world,pyear,pmonth,pday,ryear,rmonth,rday,delta_days,scores,playtime_forever
0,0,False,3700.0,372.0,96.0,1,1,1,0,0,0,0,0,0,0,0,0,0,0,1,1,1,0,0,0,0,0,0,0,0,0,0,0,0,0,0,0,0,0,0,0,0,0,0,0,0,0,0.0,0.41,0.0,0.0,0.0,0.0,0.39,0.0,0.0,0.0,0.49,0.47,0.0,0.0,0.0,0.47,0.0,0.0,2018.0,7.0,2.0,2013,12,10,1665.0,79.48717948717949,0.0
1,1,True,0.0,23.0,0.0,0,0,0,1,0,0,0,0,0,0,0,0,0,0,1,0,0,1,0,0,0,0,0,0,0,0,0,0,0,0,0,0,0,0,0,0,0,0,0,0,0,0,0.0,0.0,0.0,0.0,0.0,0.0,0.0,0.0,0.0,0.0,0.0,0.0,1.0,0.0,0.0,0.0,0.0,0.0,2016.0,11.0,26.0,2015,8,12,472.0,100.0,0.016666666666666666
2,2,False,5000.0,3018.0,663.0,1,1,1,0,0,0,0,0,0,0,0,0,0,0,1,1,1,0,1,0,0,0,0,0,0,0,0,0,0,0,0,0,0,0,0,0,0,0,0,0,0,0,0.0,0.0,0.0,0.0,0.46,0.33,0.31,0.0,0.0,0.0,0.0,0.37,0.0,0.46,0.33,0.37,0.0,0.0,2018.0,7.0,2.0,2014,1,28,1616.0,81.98859005704972,0.0
3,3,False,9900.0,63078.0,1746.0,0,0,0,1,1,0,0,0,0,0,0,0,0,0,1,1,0,0,0,1,1,1,0,0,0,0,0,0,0,0,0,0,0,0,0,0,0,0,0,0,0,0,0.22,0.0,0.0,0.35,0.0,0.0,0.23,0.28,0.0,0.3,0.57,0.0,0.3,0.0,0.0,0.0,0.32,0.3,2016.0,11.0,28.0,2010,3,31,2434.0,97.30655312847094,1.5333333333333334
4,4,False,4800.0,8841.0,523.0,0,0,1,0,1,1,0,0,0,0,0,0,0,0,1,1,1,0,1,0,1,0,1,1,0,0,0,0,0,0,0,0,0,0,0,0,0,0,0,0,0,0,0.16,0.0,0.49,0.26,0.0,0.18,0.17,0.21,0.49,0.0,0.42,0.0,0.22,0.0,0.18,0.0,0.24,0.0,2018.0,3.0,4.0,2012,7,30,2043.0,94.41478000854335,22.33333333333333
5,5,False,25800.0,-1.0,-1.0,0,0,0,1,0,0,0,0,0,0,0,0,0,0,1,1,0,1,0,0,1,0,1,0,1,1,1,1,0,0,0,0,0,0,0,0,0,0,0,0,0,0,0.0,0.15,0.62,0.22,0.0,0.0,0.0,0.17,0.62,0.19,0.18,0.0,0.19,0.0,0.0,0.0,0.0,0.18,-1.0,-1.0,-1.0,2019,3,26,0.0,-1.0,2.933333333333333
6,6,False,3600.0,39776.0,1035.0,0,0,1,0,1,0,0,0,0,0,0,0,0,0,1,1,0,1,0,0,1,0,0,0,0,0,0,0,0,0,0,0,0,0,0,0,0,0,0,0,0,0,0.41,0.46,0.0,0.0,0.0,0.46,0.43,0.0,0.0,0.0,0.0,0.0,0.0,0.0,0.46,0.0,0.0,0.0,2018.0,2.0,16.0,2012,10,23,1942.0,97.4639190414349,2.6166666666666667
7,7,True,0.0,33.0,3.0,0,0,0,0,0,0,1,0,0,0,0,0,0,0,1,0,0,0,0,1,0,0,0,0,0,0,0,0,1,1,0,0,0,0,0,0,0,0,0,0,0,0,0.0,0.0,0.0,0.0,0.0,0.0,0.0,1.0,0.0,0.0,0.0,0.0,0.0,0.0,0.0,0.0,0.0,0.0,2018.0,1.0,29.0,2016,4,28,641.0,91.66666666666666,0.15
8,8,False,4000.0,1875.0,39.0,1,0,0,1,0,0,0,0,0,0,0,0,0,0,1,1,1,0,0,0,1,0,0,0,0,0,0,0,0,0,0,0,0,0,0,0,0,0,0,0,0,0,0.3,0.0,0.0,0.48,0.0,0.33,0.31,0.0,0.0,0.0,0.0,0.0,0.41,0.0,0.33,0.0,0.44,0.0,2018.0,11.0,23.0,2014,2,25,1732.0,97.96238244514106,0.016666666666666666
9,9,False,8800.0,47.0,11.0,1,0,0,0,1,0,0,0,0,0,0,0,0,0,1,0,1,0,0,0,1,0,0,0,0,0,0,0,0,0,1,0,0,0,0,0,0,0,0,0,0,0,0.61,0.0,0.0,0.0,0.0,0.0,0.0,0.0,0.0,0.0,0.79,0.0,0.0,0.0,0.0,0.0,0.0,0.0,2017.0,12.0,22.0,2017,10,17,66.0,81.03448275862068,0.016666666666666666
10,10,False,6800.0,5893.0,700.0,1,0,0,0,1,0,0,0,0,0,0,0,0,0,1,0,1,1,0,0,1,0,0,0,0,0,0,0,0,0,0,0,0,0,0,0,0,0,0,0,0,0,0.71,0.0,0.0,0.28,0.0,0.0,0.0,0.0,0.0,0.25,0.23,0.0,0.49,0.0,0.0,0.0,0.0,0.24,2018.0,1.0,30.0,2010,9,23,2686.0,89.38267859851358,0.0
11,11,False,2500.0,148.0,35.0,1,0,1,1,0,1,0,0,0,0,0,0,0,0,1,0,1,0,0,0,0,0,0,0,0,0,0,0,0,0,0,0,0,0,0,0,0,0,0,0,0,0,0.24,0.0,0.0,0.0,0.38,0.27,0.25,0.0,0.0,0.33,0.0,0.0,0.33,0.38,0.27,0.0,0.35,0.32,2017.0,6.0,23.0,2013,11,13,1318.0,80.87431693989072,0.0
12,12,True,0.0,110.0,260.0,0,0,0,0,1,0,0,0,0,0,0,0,0,0,1,0,0,1,0,1,1,0,0,0,0,0,0,0,1,0,0,0,0,0,0,0,0,0,0,0,0,0,0.62,0.0,0.0,0.0,0.0,0.0,0.0,0.79,0.0,0.0,0.0,0.0,0.0,0.0,0.0,0.0,0.0,0.0,2019.0,7.0,20.0,2018,12,11,221.0,29.72972972972973,0.0
13,13,False,3300.0,9659.0,1058.0,1,0,1,1,1,0,0,0,0,0,0,0,0,0,1,1,1,0,1,1,1,0,1,0,1,1,1,0,1,0,0,1,1,1,1,0,0,0,0,0,0,0,0.35,0.0,0.53,0.0,0.0,0.0,0.18,0.22,0.53,0.0,0.0,0.0,0.48,0.0,0.0,0.0,0.0,0.0,2016.0,10.0,9.0,2016,8,31,39.0,90.1278342819819,20.566666666666666
14,14,False,5700.0,5871.0,551.0,0,1,1,0,1,0,1,0,0,0,0,0,0,0,1,1,1,0,1,0,1,0,1,0,0,1,1,0,0,0,0,1,1,1,1,0,0,0,0,0,0,0,0.14,0.0,0.63,0.0,0.0,0.15,0.14,0.35,0.63,0.0,0.0,0.0,0.0,0.0,0.15,0.0,0.0,0.0,2018.0,6.0,13.0,2016,8,3,679.0,91.42011834319527,0.6333333333333333
15,15,True,0.0,167.0,30.0,1,0,0,0,0,1,1,0,0,0,0,0,0,0,1,0,0,0,0,1,0,0,1,1,0,0,0,1,0,0,0,0,0,0,0,1,0,0,0,0,0,0,0.0,0.0,0.49,0.0,0.0,0.0,0.0,0.42,0.49,0.23,0.42,0.0,0.0,0.0,0.0,0.0,0.24,0.22,2017.0,9.0,16.0,2010,7,6,2629.0,84.77157360406092,0.016666666666666666
16,16,False,6800.0,21566.0,1289.0,1,0,1,1,1,0,0,0,0,0,0,0,0,0,1,1,1,0,0,1,1,1,1,0,0,0,0,0,0,1,0,0,0,0,0,0,0,0,0,0,0,0,0.33,0.18,0.5,0.26,0.0,0.0,0.17,0.21,0.5,0.0,0.0,0.0,0.46,0.0,0.0,0.0,0.0,0.0,2018.0,1.0,13.0,2012,9,20,1941.0,94.36009625902429,3.3
17,17,False,11200.0,43103.0,4042.0,0,0,1,0,0,0,1,0,0,0,0,0,0,0,1,1,1,1,0,0,0,1,0,0,0,0,0,0,0,0,0,0,0,0,0,0,0,0,0,0,0,0,0.0,0.0,0.0,0.0,0.46,0.0,0.3,0.0,0.0,0.4,0.0,0.0,0.0,0.46,0.0,0.0,0.42,0.39,2019.0,5.0,30.0,2015,4,27,1494.0,91.42645031286457,0.0
18,18,False,11200.0,30934.0,7777.0,0,0,0,0,0,1,1,0,0,0,0,0,0,0,1,1,1,0,0,1,1,1,0,0,0,0,0,0,0,1,0,0,0,0,0,0,0,0,0,0,0,0,0.0,0.22,0.0,0.0,0.31,0.22,0.0,0.25,0.0,0.27,0.0,0.25,0.0,0.31,0.22,0.25,0.58,0.27,2018.0,2.0,18.0,2016,5,9,650.0,79.91010307147839,0.0
19,19,False,3600.0,74.0,115.0,0,0,1,0,0,1,1,0,0,0,0,0,0,0,1,1,0,0,0,1,1,1,0,0,0,0,0,0,0,0,0,0,0,0,0,0,0,0,0,0,0,0,0.0,0.0,0.0,0.0,0.48,0.34,0.32,0.0,0.0,0.0,0.0,0.0,0.0,0.48,0.34,0.0,0.45,0.0,2018.0,12.0,21.0,2015,4,16,1345.0,39.15343915343915,0.0
20,20,False,6800.0,1122.0,248.0,0,0,0,0,0,0,0,0,0,0,0,0,0,0,1,0,1,1,0,1,1,0,0,0,0,0,0,0,0,0,0,0,0,0,0,0,0,0,0,0,0,0,0.39,0.0,0.0,0.0,0.0,0.0,0.0,0.5,0.0,0.55,0.0,0.0,0.0,0.0,0.0,0.0,0.0,0.54,2018.0,1.0,30.0,2010,11,26,2622.0,81.89781021897811,0.16666666666666666
21,21,False,8800.0,8406.0,1780.0,0,0,0,1,0,1,0,0,0,0,0,0,0,0,1,1,1,1,0,1,1,1,0,0,0,0,0,0,1,1,0,0,0,0,0,0,0,0,0,0,0,0,0.0,0.18,0.0,0.26,0.25,0.18,0.17,0.2,0.0,0.22,0.0,0.0,0.22,0.25,0.18,0.0,0.7,0.22,2016.0,11.0,28.0,2014,9,18,802.0,82.52503436088749,1.6166666666666667
22,22,False,8800.0,20437.0,1847.0,1,0,1,0,1,0,0,0,0,0,0,0,0,0,1,1,1,0,1,0,1,0,0,0,0,0,0,0,0,0,0,0,0,0,0,0,0,0,0,0,0,0,0.43,0.24,0.0,0.69,0.0,0.0,0.23,0.0,0.0,0.0,0.28,0.27,0.0,0.0,0.0,0.27,0.0,0.0,2018.0,5.0,16.0,2017,8,7,282.0,91.71154191348052,0.0
23,23,True,0.0,2.0,0.0,0,1,1,0,0,0,0,0,0,0,0,0,0,0,1,0,0,0,1,0,0,0,0,0,0,0,0,0,0,0,0,0,0,0,0,0,0,0,0,0,0,0,0.0,0.0,0.0,0.0,0.0,0.0,1.0,0.0,0.0,0.0,0.0,0.0,0.0,0.0,0.0,0.0,0.0,0.0,2017.0,11.0,19.0,2016,6,3,534.0,100.0,0.05
24,24,False,12900.0,6812.0,1458.0,0,0,0,0,0,1,0,0,0,0,0,0,0,0,1,1,1,0,0,1,1,1,0,0,0,0,0,0,1,1,0,0,0,0,0,0,0,0,0,0,0,0,0.15,0.17,0.23,0.0,0.24,0.17,0.16,0.2,0.23,0.21,0.0,0.0,0.21,0.24,0.17,0.0,0.68,0.21,2019.0,4.0,2.0,2017,5,18,684.0,82.37001209189843,0.0
25,25,False,9900.0,9566.0,517.0,0,0,0,1,0,0,0,0,0,0,0,0,0,0,1,0,0,0,0,0,0,0,0,0,0,0,0,0,0,0,0,0,0,0,0,0,0,0,0,0,0,0,0.36,0.2,0.0,0.0,0.29,0.2,0.0,0.0,0.0,0.0,0.47,0.23,0.5,0.29,0.2,0.23,0.0,0.0,2018.0,5.0,9.0,2010,1,28,3023.0,94.87255777050481,0.0
26,26,False,1500.0,5001.0,597.0,1,0,1,1,0,0,1,0,0,0,0,0,0,0,1,1,0,0,1,0,1,0,0,0,0,0,0,0,0,0,0,0,0,0,0,0,0,0,0,0,0,0,0.0,0.0,0.0,0.44,0.0,0.31,0.29,0.0,0.0,0.0,0.0,0.34,0.38,0.0,0.31,0.34,0.4,0.0,2017.0,12.0,9.0,2016,8,11,485.0,89.33547695605574,0.21666666666666667
27,27,False,4800.0,3457.0,372.0,1,0,0,0,0,0,0,0,0,0,0,0,0,0,1,1,1,0,1,0,1,0,0,0,0,0,0,0,0,0,0,0,0,0,0,0,1,0,0,0,0,0,0.0,0.36,0.0,0.0,0.0,0.36,0.34,0.0,0.0,0.0,0.42,0.4,0.0,0.0,0.36,0.41,0.0,0.0,2019.0,6.0,27.0,2015,1,26,1613.0,90.28466962653434,0.0
28,28,False,4800.0,329.0,73.0,0,0,1,0,0,1,1,0,0,0,0,0,0,0,1,1,0,0,0,1,0,0,0,0,0,0,0,0,0,0,0,0,0,0,0,0,0,0,0,0,0,0,0.0,0.0,0.0,0.0,0.5,0.0,0.33,0.41,0.0,0.0,0.0,0.0,0.0,0.5,0.0,0.0,0.47,0.0,2018.0,12.0,21.0,2009,11,16,3322.0,81.8407960199005,0.0
29,29,False,6800.0,36322.0,1542.0,0,0,1,0,1,0,0,0,0,0,0,0,0,0,1,1,1,0,1,0,1,0,1,0,0,1,1,0,0,0,0,0,0,0,1,0,0,0,0,0,0,0,0.2,0.22,0.6,0.0,0.0,0.22,0.21,0.25,0.6,0.0,0.0,0.0,0.0,0.0,0.22,0.0,0.0,0.0,2017.0,10.0,2.0,2017,9,29,3.0,95.92753010775407,4.216666666666667
30,30,False,6800.0,1270.0,73.0,1,0,0,1,0,1,0,0,0,0,0,0,0,0,1,1,1,0,0,0,1,0,0,0,0,0,0,0,0,0,0,0,0,0,0,0,0,1,0,0,0,0,0.0,0.18,0.0,0.53,0.0,0.19,0.0,0.0,0.0,0.0,0.0,0.21,0.69,0.0,0.19,0.21,0.24,0.0,2017.0,12.0,10.0,2017,4,11,243.0,94.56440804169769,4.266666666666667
31,31,False,7000.0,4640.0,212.0,1,0,1,1,1,0,0,0,0,0,0,0,0,0,1,1,1,0,1,1,1,0,1,0,1,1,1,0,1,1,0,1,0,0,0,0,0,0,0,0,0,0,0.14,0.0,0.65,0.0,0.0,0.16,0.15,0.18,0.65,0.0,0.0,0.0,0.2,0.0,0.16,0.0,0.0,0.0,2018.0,3.0,18.0,2019,7,12,-481.0,95.63066776586975,4.333333333333333
32,32,False,7000.0,1107.0,64.0,0,1,0,0,0,0,1,1,0,0,0,0,0,0,1,0,0,0,0,0,0,0,0,0,0,0,0,0,1,0,0,0,0,0,0,0,0,0,0,0,0,0,0.0,0.0,0.0,0.0,0.0,0.0,0.0,0.0,0.0,0.0,0.0,0.0,0.0,0.0,0.0,0.0,0.0,0.0,2018.0,2.0,28.0,2016,9,22,524.0,94.53458582408199,2.1
33,33,False,4300.0,1887.0,179.0,0,0,1,0,0,0,1,0,0,0,0,0,0,0,1,1,1,0,0,0,1,0,0,0,0,0,0,0,0,0,0,0,0,0,0,0,0,0,0,0,0,0,0.0,0.0,0.0,0.0,0.0,0.0,1.0,0.0,0.0,0.0,0.0,0.0,0.0,0.0,0.0,0.0,0.0,0.0,2018.0,7.0,2.0,2019,1,17,-199.0,91.33591481122943,0.9166666666666666
34,34,False,4000.0,1663.0,153.0,0,0,1,0,0,1,1,0,0,0,0,0,0,0,1,1,1,0,0,0,1,0,0,0,0,0,0,0,0,0,0,0,0,0,0,0,0,0,0,0,0,0,0.0,0.4,0.0,0.0,0.0,0.0,0.38,0.0,0.0,0.0,0.0,0.45,0.0,0.0,0.0,0.46,0.53,0.0,2018.0,10.0,23.0,2018,10,23,0.0,91.57488986784142,0.0
35,35,False,9500.0,17071.0,1218.0,1,0,0,0,1,0,0,0,0,0,0,0,0,0,1,0,1,0,1,1,1,0,0,1,0,0,0,1,0,1,0,0,0,0,0,0,0,0,0,0,0,0,0.25,0.27,0.0,0.0,0.0,0.28,0.0,0.32,0.0,0.0,0.64,0.31,0.0,0.0,0.28,0.31,0.0,0.0,2017.0,3.0,17.0,2012,6,28,1723.0,93.34025917218,2.85
36,36,False,12900.0,18644.0,7748.0,1,0,0,1,1,1,1,0,1,0,0,0,0,0,1,1,0,0,1,1,1,1,1,0,1,0,0,0,1,0,0,0,0,0,0,0,0,0,0,0,0,0,0.17,0.0,0.52,0.27,0.0,0.0,0.0,0.44,0.52,0.24,0.0,0.0,0.24,0.0,0.0,0.0,0.0,0.23,2017.0,12.0,8.0,2018,5,8,-151.0,70.6426189754471,56.66666666666666
37,37,False,10000.0,4328.0,1223.0,0,0,0,0,0,0,1,0,0,0,0,0,0,0,1,0,0,0,0,0,1,1,0,0,0,0,0,0,0,0,0,0,0,0,0,0,0,0,0,0,0,0,0.0,0.0,0.0,0.0,0.0,0.0,0.36,0.43,0.0,0.47,0.0,0.0,0.0,0.0,0.0,0.0,0.5,0.46,2019.0,6.0,27.0,2016,11,8,961.0,77.96793370563863,0.0
38,38,False,4800.0,4109.0,253.0,1,0,1,1,1,0,0,0,0,0,0,0,0,0,1,1,0,0,1,0,1,0,0,0,0,0,0,0,0,0,0,0,0,0,0,0,0,0,0,0,0,0,0.33,0.37,0.0,0.0,0.0,0.0,0.35,0.0,0.0,0.46,0.0,0.0,0.46,0.0,0.0,0.0,0.0,0.45,2017.0,11.0,28.0,2017,8,17,103.0,94.19990829894543,4.516666666666667
39,39,False,4800.0,36408.0,1063.0,1,1,1,0,1,0,0,0,0,0,0,0,0,0,1,1,1,0,1,1,1,1,1,1,1,1,1,1,1,0,0,1,1,1,1,0,0,0,1,0,0,0,0.14,0.0,0.63,0.0,0.0,0.15,0.14,0.35,0.63,0.0,0.0,0.0,0.0,0.0,0.15,0.0,0.0,0.0,2016.0,11.0,22.0,2014,5,15,922.0,97.16313949454245,3.083333333333333
40,40,False,6800.0,5163.0,182.0,1,0,0,0,0,0,0,0,0,0,0,0,0,0,1,1,1,0,1,0,1,0,0,0,0,0,0,0,0,0,0,0,0,0,0,0,0,0,0,0,0,0,0.0,0.42,0.0,0.0,0.0,0.43,0.0,0.0,0.0,0.0,0.0,0.48,0.0,0.0,0.43,0.48,0.0,0.0,2018.0,11.0,22.0,2016,4,18,948.0,96.59494855004678,0.0
41,41,False,7000.0,2268.0,82.0,1,0,1,0,1,0,0,0,0,0,0,0,0,0,1,1,1,0,1,0,1,0,0,0,0,0,0,0,0,0,0,0,0,0,0,0,0,0,0,0,0,0,0.27,0.0,0.41,0.0,0.0,0.0,0.28,0.34,0.41,0.38,0.35,0.0,0.0,0.0,0.0,0.0,0.0,0.36,2019.0,6.0,27.0,2019,4,5,83.0,96.51063829787235,1.7
42,42,False,9000.0,24505.0,7766.0,1,0,0,1,1,0,0,0,0,0,0,0,0,0,1,1,1,0,1,0,1,0,0,0,0,0,0,0,0,0,0,0,0,0,0,0,0,0,0,0,0,0,0.25,0.27,0.0,0.0,0.0,0.28,0.26,0.0,0.0,0.34,0.32,0.31,0.34,0.0,0.28,0.31,0.0,0.34,2018.0,3.0,29.0,2018,2,13,44.0,75.93505004493198,11.516666666666667
43,43,False,4900.0,4760.0,925.0,1,0,1,0,0,1,0,0,0,1,0,0,0,0,1,1,1,0,1,0,1,0,0,0,0,0,0,0,0,0,0,0,0,0,0,0,0,0,0,0,0,0,0.0,0.35,0.0,0.0,0.0,0.35,0.33,0.0,0.0,0.0,0.0,0.39,0.0,0.0,0.35,0.4,0.46,0.0,2016.0,11.0,28.0,2016,8,2,118.0,83.72911169744943,6.5
44,44,False,5000.0,16607.0,1662.0,1,0,0,0,1,0,0,0,0,0,0,0,0,0,1,1,1,0,1,0,1,0,0,0,0,0,0,0,0,0,0,0,0,0,0,0,0,0,0,0,0,0,0.26,0.29,0.0,0.0,0.0,0.29,0.0,0.0,0.0,0.0,0.68,0.33,0.0,0.0,0.29,0.33,0.0,0.0,2018.0,10.0,28.0,2012,2,16,2446.0,90.90262192785593,0.8833333333333333
45,45,False,3500.0,74.0,6.0,1,0,1,0,0,0,0,0,0,0,0,0,0,0,1,0,0,0,0,0,1,0,0,0,0,0,0,0,0,0,0,0,0,0,0,0,0,0,0,0,0,0,0.0,0.41,0.0,0.0,0.0,0.0,0.39,0.0,0.0,0.0,0.0,0.46,0.0,0.0,0.0,0.47,0.0,0.5,2018.0,3.0,21.0,2017,10,31,141.0,92.5,0.4666666666666667
46,46,False,24800.0,22742.0,5941.0,1,0,0,0,1,0,0,0,0,0,0,0,0,0,1,0,0,1,0,0,0,0,1,0,0,0,0,0,0,0,0,0,0,0,0,0,0,0,0,1,0,0,0.23,0.25,0.35,0.0,0.0,0.0,0.0,0.29,0.35,0.32,0.6,0.0,0.0,0.0,0.0,0.0,0.0,0.31,2019.0,3.0,24.0,2016,11,28,846.0,79.28738277028205,0.0
47,47,False,11000.0,5396.0,954.0,1,0,0,1,1,0,0,0,0,0,0,0,0,0,1,1,0,0,1,0,1,0,0,0,0,0,0,0,0,0,0,0,0,0,0,0,0,0,0,0,0,0,0.28,0.31,0.0,0.0,0.0,0.0,0.0,0.0,0.0,0.39,0.36,0.35,0.39,0.0,0.0,0.35,0.0,0.38,2017.0,10.0,28.0,2014,6,3,1243.0,84.97637795275591,0.0
48,48,False,3400.0,1685.0,566.0,1,0,0,0,1,0,0,0,0,0,0,0,0,0,1,0,0,0,0,0,0,0,0,0,0,0,0,0,0,0,0,0,0,0,0,0,0,0,0,0,0,0,0.5,0.28,0.0,0.0,0.0,0.0,0.0,0.0,0.0,0.35,0.66,0.0,0.0,0.0,0.0,0.0,0.0,0.34,2018.0,2.0,16.0,2008,11,21,3374.0,74.85561972456686,0.0
49,49,True,0.0,14.0,4.0,0,1,0,0,0,0,1,0,1,0,1,0,0,0,1,0,0,1,0,1,0,0,1,0,1,0,0,0,1,1,0,0,0,0,0,0,0,0,0,0,1,0,0.0,0.0,0.45,0.0,0.0,0.0,0.0,0.77,0.45,0.0,0.0,0.0,0.0,0.0,0.0,0.0,0.0,0.0,2017.0,11.0,16.0,2016,3,31,595.0,77.77777777777779,0.4
50,50,False,2100.0,2848.0,498.0,0,0,0,0,1,0,0,0,0,0,0,1,0,0,1,0,0,1,0,0,0,0,0,0,0,0,0,0,0,0,0,0,0,0,0,0,0,0,0,0,0,0,0.48,0.0,0.0,0.0,0.0,0.0,0.0,0.61,0.0,0.0,0.63,0.0,0.0,0.0,0.0,0.0,0.0,0.0,2017.0,9.0,21.0,2016,9,5,381.0,85.11655708308427,0.31666666666666665
51,51,False,11200.0,7052.0,718.0,1,0,1,1,0,1,0,0,0,0,0,0,0,0,1,1,1,0,0,1,1,1,1,0,0,0,0,0,0,1,0,0,0,0,0,0,0,1,1,0,0,0,0.0,0.17,0.47,0.25,0.0,0.0,0.16,0.2,0.47,0.21,0.0,0.19,0.21,0.0,0.0,0.19,0.45,0.21,2017.0,6.0,28.0,2014,6,30,1094.0,90.75933075933077,0.0
52,52,False,6800.0,16482.0,2102.0,0,0,1,0,1,0,0,0,0,0,0,0,0,0,1,1,1,0,1,1,1,1,0,1,0,0,0,1,1,0,0,0,0,0,0,1,0,1,1,1,0,0,0.3,0.33,0.45,0.0,0.0,0.0,0.31,0.38,0.45,0.0,0.39,0.0,0.0,0.0,0.0,0.0,0.0,0.0,2018.0,4.0,16.0,2014,11,3,1260.0,88.68919500645717,0.0
53,53,False,6000.0,4850.0,139.0,1,1,1,0,0,0,0,0,0,0,0,0,0,0,1,1,1,0,0,0,1,0,0,0,0,0,0,0,0,0,0,0,0,0,0,0,0,0,0,0,0,0,0.0,0.39,0.0,0.0,0.0,0.4,0.37,0.0,0.0,0.0,0.0,0.44,0.0,0.0,0.4,0.45,0.0,0.0,2017.0,12.0,14.0,2017,12,14,0.0,97.2138705151333,1.9833333333333327
54,54,False,16000.0,39351.0,3113.0,1,0,0,0,1,0,0,0,0,0,0,0,0,0,1,1,1,0,1,0,1,0,0,1,0,0,0,0,0,0,0,0,0,0,0,0,0,0,0,0,0,0,0.41,0.23,0.0,0.0,0.0,0.23,0.0,0.0,0.0,0.29,0.54,0.26,0.29,0.0,0.23,0.26,0.0,0.28,2017.0,9.0,29.0,2016,2,9,598.0,92.6690844009043,14.55
55,55,False,10000.0,1949.0,834.0,0,0,0,1,1,0,1,0,0,0,0,0,0,0,1,1,1,1,0,0,1,1,0,0,0,0,0,0,0,0,0,0,0,0,0,0,0,0,0,0,0,0,0.23,0.0,0.34,0.0,0.36,0.0,0.24,0.0,0.34,0.32,0.0,0.0,0.31,0.36,0.0,0.0,0.33,0.31,2017.0,10.0,5.0,2014,9,26,1105.0,70.03233920229968,0.2
56,56,False,6900.0,543.0,92.0,1,0,0,1,0,0,0,0,0,0,0,0,0,0,1,0,0,0,0,0,0,0,0,0,0,0,0,0,0,0,0,0,0,0,0,0,0,0,0,0,0,0,0.0,0.26,0.0,0.38,0.37,0.26,0.0,0.0,0.0,0.0,0.31,0.3,0.33,0.37,0.26,0.3,0.0,0.0,2017.0,10.0,28.0,2007,1,12,3942.0,85.51181102362204,3.9333333333333327
57,57,False,4800.0,2805.0,169.0,1,0,0,1,1,1,1,0,0,0,0,0,0,0,1,1,1,0,0,0,1,0,0,1,0,0,0,1,0,0,0,0,0,0,0,0,0,0,0,0,0,0,0.26,0.29,0.0,0.0,0.41,0.0,0.0,0.0,0.0,0.36,0.0,0.0,0.36,0.41,0.0,0.0,0.38,0.35,2018.0,4.0,8.0,2013,10,17,1634.0,94.31741761936784,0.0
58,58,False,19200.0,10311.0,1386.0,1,0,0,1,1,0,0,0,0,0,0,0,0,0,1,1,1,0,1,0,1,0,0,1,0,0,0,0,0,0,0,0,0,0,0,0,0,0,0,0,0,0,0.33,0.19,0.0,0.53,0.0,0.19,0.0,0.21,0.0,0.23,0.22,0.21,0.46,0.0,0.19,0.21,0.0,0.23,2018.0,11.0,22.0,2016,1,15,1042.0,88.1508078994614,3.283333333333333
59,59,False,9900.0,4204.0,820.0,0,0,0,0,0,1,0,0,0,0,0,0,0,0,1,0,0,0,0,0,0,0,0,0,0,0,0,0,0,0,0,0,0,0,0,0,0,0,0,0,0,0,0.13,0.15,0.61,0.0,0.21,0.15,0.0,0.17,0.61,0.0,0.0,0.0,0.0,0.21,0.15,0.0,0.2,0.0,2019.0,2.0,10.0,2009,1,8,3685.0,83.67834394904459,0.0
60,60,True,0.0,116.0,1.0,1,1,0,0,1,0,0,1,1,0,1,1,0,0,0,0,0,0,1,1,0,0,1,0,1,0,0,0,1,1,1,0,0,0,0,0,0,0,1,0,0,1,0.19,0.0,0.58,0.0,0.0,0.0,0.0,0.49,0.58,0.0,0.25,0.0,0.0,0.0,0.0,0.0,0.0,0.0,2017.0,11.0,19.0,2016,6,28,509.0,99.14529914529915,0.36666666666666653
61,61,False,1100.0,53.0,33.0,0,0,1,1,1,1,0,0,0,0,0,0,0,0,1,1,1,0,0,0,1,0,0,0,0,0,0,0,0,0,0,0,0,0,0,0,0,0,0,0,0,0,0.4,0.0,0.0,0.0,0.0,0.0,0.42,0.0,0.0,0.0,0.0,0.0,0.56,0.0,0.0,0.0,0.59,0.0,2018.0,3.0,13.0,2016,10,11,518.0,61.627906976744185,0.8666666666666667
62,62,False,11200.0,16682.0,1430.0,0,0,0,0,1,0,0,0,0,0,0,0,0,0,1,0,1,0,1,0,1,0,0,0,0,0,0,0,0,0,0,0,0,0,0,0,0,0,0,0,0,0,0.3,0.33,0.0,0.0,0.47,0.33,0.0,0.0,0.0,0.0,0.39,0.0,0.0,0.47,0.33,0.0,0.0,0.0,2017.0,12.0,21.0,2014,10,6,1172.0,92.10468197879858,0.0
63,63,True,0.0,696.0,129.0,0,0,1,0,1,0,0,0,0,0,1,0,0,0,0,0,0,1,0,1,1,0,1,0,0,0,0,0,0,1,0,0,0,0,0,1,0,1,1,0,1,0,0.17,0.19,0.52,0.0,0.0,0.0,0.18,0.44,0.52,0.24,0.22,0.0,0.0,0.0,0.0,0.0,0.0,0.23,2015.0,8.0,3.0,2013,10,31,641.0,84.36363636363636,0.0
64,64,False,3600.0,1895.0,161.0,1,0,0,0,1,0,0,0,0,0,0,0,0,0,1,0,1,1,0,1,1,0,0,1,0,0,1,1,0,0,0,0,0,0,0,0,0,0,0,0,0,0,0.14,0.0,0.64,0.0,0.0,0.0,0.0,0.36,0.64,0.0,0.18,0.0,0.0,0.0,0.0,0.0,0.0,0.0,2018.0,2.0,16.0,2010,9,28,2698.0,92.1692607003891,0.0
65,65,True,0.0,0.0,0.0,0,1,0,0,0,1,0,0,0,0,1,1,0,0,1,0,1,1,0,1,0,0,0,0,0,0,0,0,1,1,0,0,1,1,0,0,0,0,0,0,0,0,0.37,0.0,0.0,0.59,0.0,0.0,0.0,0.47,0.0,0.0,0.0,0.0,0.0,0.0,0.0,0.0,0.54,0.0,2019.0,6.0,20.0,2019,6,20,0.0,-1.0,0.0
66,66,False,5000.0,388.0,93.0,0,0,1,0,1,0,0,0,0,0,0,0,0,0,1,1,1,0,1,0,1,0,1,1,0,0,0,0,0,0,0,0,0,0,0,0,0,0,0,0,0,0,0.17,0.19,0.51,0.27,0.27,0.0,0.18,0.0,0.51,0.24,0.22,0.0,0.0,0.27,0.0,0.0,0.0,0.23,2017.0,10.0,28.0,2013,4,30,1642.0,80.66528066528068,0.0
67,67,True,0.0,31.0,0.0,1,0,1,0,0,0,1,0,0,0,0,0,0,0,1,0,0,0,0,0,0,0,1,0,0,1,0,0,0,0,0,0,0,0,0,0,0,0,0,0,1,0,0.0,0.0,0.0,0.0,0.0,0.0,1.0,0.0,0.0,0.0,0.0,0.0,0.0,0.0,0.0,0.0,0.0,0.0,2017.0,11.0,19.0,2016,5,31,537.0,100.0,0.5666666666666667
68,68,False,5800.0,20873.0,1450.0,0,0,1,0,0,0,1,0,0,0,0,0,0,0,1,0,0,0,0,0,0,0,0,0,0,0,0,0,0,0,0,0,0,0,0,0,0,0,0,0,0,0,0.0,0.0,0.0,0.0,0.43,0.0,0.28,0.35,0.0,0.38,0.0,0.0,0.0,0.43,0.0,0.0,0.4,0.37,2018.0,9.0,16.0,2019,7,30,-317.0,93.50445728620706,1.6333333333333333
69,69,False,4800.0,927.0,82.0,1,0,1,0,1,0,0,0,0,0,0,0,0,0,1,1,1,0,1,0,1,0,0,0,0,0,1,0,0,0,0,0,0,0,0,0,0,0,0,0,0,0,0.26,0.0,0.39,0.0,0.0,0.29,0.27,0.0,0.39,0.36,0.0,0.0,0.36,0.0,0.29,0.0,0.0,0.35,2017.0,6.0,28.0,2015,4,16,804.0,91.87314172447968,1.1
70,70,False,2600.0,827.0,99.0,1,0,1,0,0,0,0,0,0,0,0,0,0,0,1,0,0,1,0,0,0,0,0,0,0,0,0,0,0,0,0,0,0,0,0,0,0,0,0,0,0,0,0.0,0.55,0.0,0.0,0.0,0.0,0.52,0.0,0.0,0.0,0.65,0.0,0.0,0.0,0.0,0.0,0.0,0.0,2018.0,6.0,21.0,2017,4,26,421.0,89.30885529157668,0.0
71,71,False,9000.0,12603.0,1460.0,0,0,1,1,1,1,1,0,0,0,0,0,0,0,1,1,0,0,0,0,0,1,0,0,0,0,0,0,0,0,0,0,0,0,0,0,0,0,1,0,0,0,0.0,0.0,0.0,0.0,0.0,0.0,0.35,0.0,0.0,0.47,0.0,0.0,0.46,0.0,0.0,0.0,0.49,0.45,2019.0,2.0,27.0,2018,12,6,83.0,89.61814691033207,0.4666666666666667
72,72,False,3600.0,9347.0,971.0,1,0,1,0,0,1,0,0,0,0,0,0,0,0,1,1,1,0,1,0,1,0,0,0,0,0,0,0,0,0,0,0,0,0,0,0,0,0,0,0,0,0,0.0,0.32,0.0,0.0,0.0,0.32,0.3,0.0,0.0,0.0,0.0,0.36,0.4,0.0,0.32,0.36,0.42,0.0,2018.0,4.0,23.0,2016,11,9,530.0,90.58926148478386,1.1
73,73,False,4800.0,223.0,67.0,1,0,1,0,1,0,0,0,0,0,0,0,0,0,1,1,1,0,1,0,1,0,0,0,0,0,0,0,0,0,0,0,0,0,0,0,0,0,0,0,0,0,0.29,0.33,0.0,0.0,0.47,0.0,0.31,0.0,0.0,0.0,0.0,0.37,0.0,0.47,0.0,0.37,0.0,0.0,2018.0,3.0,1.0,2017,7,11,233.0,76.89655172413794,0.0
74,74,False,3600.0,32422.0,1690.0,1,0,1,0,1,0,0,0,0,0,0,0,0,0,1,1,1,0,1,0,1,1,0,0,0,0,0,0,0,0,0,0,0,0,0,0,0,0,1,0,0,0,0.33,0.0,0.0,0.0,0.0,0.0,0.35,0.42,0.0,0.46,0.43,0.0,0.0,0.0,0.0,0.0,0.0,0.45,2017.0,4.0,11.0,2012,11,2,1621.0,95.04573170731707,0.13333333333333333
75,75,False,3600.0,94.0,55.0,0,0,0,0,1,1,0,0,0,0,0,0,0,0,1,0,0,0,0,1,0,0,1,0,0,0,0,0,0,0,0,0,0,0,0,0,0,0,0,0,0,0,0.56,0.0,0.0,0.0,0.0,0.0,0.0,0.0,0.0,0.0,0.0,0.0,0.0,0.0,0.0,0.0,0.83,0.0,2018.0,1.0,30.0,2007,7,17,3850.0,63.08724832214765,0.0
76,76,False,4800.0,-1.0,-1.0,0,0,1,1,1,0,0,0,0,0,0,0,0,0,1,1,1,0,1,0,1,0,0,1,0,0,0,0,0,0,0,0,0,0,0,0,0,0,0,0,0,0,0.42,0.24,0.0,0.34,0.0,0.24,0.22,0.0,0.0,0.0,0.0,0.27,0.59,0.0,0.24,0.27,0.0,0.0,-1.0,-1.0,-1.0,2011,8,16,0.0,-1.0,0.0
77,77,False,2600.0,608.0,197.0,1,0,1,0,0,0,0,0,0,0,0,0,0,0,1,1,0,0,0,0,1,0,0,0,0,0,0,0,0,0,0,0,0,0,0,0,0,1,0,0,0,0,0.31,0.34,0.0,0.0,0.0,0.34,0.32,0.0,0.0,0.0,0.4,0.38,0.0,0.0,0.34,0.39,0.0,0.0,2018.0,7.0,2.0,2016,4,4,819.0,75.527950310559,3.066666666666667
78,78,False,7800.0,1990.0,412.0,1,0,1,0,0,0,0,0,0,0,0,0,0,0,1,1,1,0,1,0,1,0,0,0,0,0,0,0,0,0,0,0,0,0,0,0,0,0,0,0,0,0,0.0,0.27,0.0,0.39,0.38,0.27,0.25,0.0,0.0,0.0,0.31,0.3,0.0,0.38,0.27,0.3,0.0,0.0,2019.0,6.0,27.0,2017,7,21,706.0,82.84762697751873,0.0
79,79,False,3600.0,31291.0,1358.0,0,0,0,0,1,0,0,0,0,0,0,0,0,0,1,1,1,1,0,0,1,0,1,0,0,0,0,0,0,0,0,0,0,0,0,0,0,0,0,0,0,0,0.17,0.0,0.51,0.0,0.0,0.19,0.0,0.21,0.51,0.23,0.43,0.0,0.23,0.0,0.19,0.0,0.0,0.23,2017.0,8.0,1.0,2011,11,17,2084.0,95.84060767557965,1.85
80,80,False,9900.0,2638.0,424.0,0,0,1,0,0,1,1,0,0,0,0,0,0,0,1,1,0,0,0,0,1,0,0,0,0,0,0,0,0,0,0,0,0,0,0,0,0,0,0,0,0,0,0.0,0.0,0.0,0.0,0.0,0.0,0.36,0.43,0.0,0.47,0.0,0.0,0.0,0.0,0.0,0.0,0.5,0.46,2019.0,6.0,27.0,2017,7,14,713.0,86.15284128020902,0.0
81,81,False,3200.0,3430.0,136.0,0,0,0,0,0,1,1,0,0,0,0,0,0,0,1,1,1,0,0,1,0,0,0,0,0,0,0,0,0,0,0,0,0,0,0,0,0,0,1,0,0,0,0.29,0.0,0.44,0.0,0.0,0.32,0.0,0.37,0.44,0.0,0.0,0.0,0.0,0.0,0.32,0.0,0.43,0.0,2019.0,2.0,8.0,2013,10,21,1936.0,96.18620302860347,0.05
82,82,False,6800.0,11298.0,491.0,1,0,1,0,1,0,0,0,0,0,0,0,0,0,1,1,1,0,1,1,1,1,1,0,0,0,1,0,0,1,0,0,1,1,1,0,0,0,1,0,0,0,0.13,0.15,0.6,0.21,0.0,0.15,0.14,0.34,0.6,0.0,0.0,0.0,0.18,0.0,0.15,0.0,0.0,0.0,2016.0,11.0,3.0,2013,6,6,1246.0,95.8351005174315,5.916666666666668
83,83,False,9500.0,1382.0,390.0,0,0,0,1,0,0,0,0,0,0,0,0,0,0,1,1,1,1,0,0,1,0,0,0,0,0,0,0,0,0,0,0,1,1,0,0,0,0,0,0,0,0,0.25,0.0,0.0,0.4,0.39,0.28,0.0,0.0,0.0,0.0,0.0,0.31,0.34,0.39,0.28,0.31,0.0,0.0,2019.0,2.0,23.0,2018,2,27,361.0,77.99097065462755,6.366666666666666
84,84,False,7800.0,3958.0,1430.0,0,0,1,0,0,1,1,0,0,0,0,0,0,0,1,1,0,0,0,0,1,1,0,1,0,0,0,0,0,0,0,0,0,0,0,0,0,0,0,0,0,0,0.0,0.0,0.0,0.0,0.0,0.0,0.34,0.0,0.0,0.0,0.0,0.0,0.0,0.0,0.0,0.0,0.94,0.0,2017.0,12.0,22.0,2013,10,14,1530.0,73.4595397178916,0.0
85,85,True,0.0,261.0,49.0,0,0,1,0,0,0,0,0,1,0,1,0,0,0,0,1,0,0,0,1,1,0,0,0,0,0,0,0,0,0,0,0,0,0,0,0,0,0,1,0,0,1,0.18,0.0,0.56,0.0,0.0,0.0,0.19,0.47,0.56,0.0,0.0,0.0,0.0,0.0,0.0,0.0,0.27,0.0,2017.0,1.0,4.0,2015,1,30,705.0,84.19354838709677,0.13333333333333333
86,86,False,600.0,6148.0,172.0,0,1,1,0,0,0,0,0,0,0,0,0,0,0,1,1,0,0,0,0,1,0,0,0,0,0,0,0,0,0,0,0,0,0,0,0,0,0,0,0,0,0,0.0,0.5,0.0,0.0,0.0,0.51,0.48,0.0,0.0,0.0,0.0,0.0,0.0,0.0,0.51,0.0,0.0,0.0,2016.0,9.0,20.0,2015,7,6,442.0,97.27848101265822,0.11666666666666667
87,87,False,6800.0,331.0,203.0,0,0,0,0,1,0,0,0,0,0,0,0,0,0,1,0,1,0,0,0,0,0,1,0,0,0,0,0,0,0,0,0,0,0,0,0,0,0,0,0,0,0,0.28,0.0,0.43,0.0,0.0,0.0,0.0,0.36,0.43,0.39,0.36,0.0,0.0,0.0,0.0,0.0,0.0,0.38,2018.0,1.0,30.0,2008,2,29,3623.0,61.985018726591754,0.0
88,88,True,0.0,5016.0,425.0,0,0,0,0,1,0,0,0,0,0,0,0,0,0,1,0,1,0,1,0,1,0,0,1,0,0,0,1,0,0,0,0,0,0,0,0,0,0,0,0,0,0,0.44,0.0,0.0,0.0,0.0,0.49,0.0,0.0,0.0,0.0,0.57,0.0,0.0,0.0,0.49,0.0,0.0,0.0,2019.0,7.0,29.0,2011,11,3,2825.0,92.18893585737916,0.0
89,89,False,16800.0,14647.0,3002.0,1,0,0,0,1,0,0,0,0,0,0,0,0,0,1,0,1,0,1,1,1,0,0,1,0,0,0,0,0,0,0,0,0,0,0,0,0,0,0,0,0,0,0.12,0.14,0.57,0.2,0.0,0.14,0.0,0.32,0.57,0.17,0.16,0.16,0.0,0.0,0.14,0.16,0.0,0.17,2017.0,11.0,27.0,2016,2,4,662.0,82.99053770751884,3.083333333333333
90,90,False,9900.0,68660.0,27235.0,0,0,0,1,0,0,0,0,0,0,0,0,0,0,1,0,1,0,1,0,1,0,0,0,0,0,0,0,0,0,0,0,0,0,0,0,0,0,0,0,0,0,0.31,0.17,0.0,0.0,0.24,0.17,0.0,0.0,0.0,0.21,0.6,0.19,0.42,0.24,0.17,0.19,0.0,0.21,2017.0,12.0,7.0,2015,11,9,759.0,71.59914489806559,32.766666666666666
91,91,False,29900.0,678.0,175.0,0,0,0,0,1,0,0,0,0,0,0,0,0,0,1,1,1,1,0,0,1,0,1,0,1,0,0,0,0,0,0,0,0,0,0,0,0,0,0,0,0,0,0.45,0.0,0.34,0.0,0.0,0.0,0.0,0.0,0.34,0.31,0.0,0.0,0.62,0.0,0.0,0.0,0.0,0.3,2019.0,6.0,27.0,2017,3,21,828.0,79.4841735052755,0.1
92,92,False,9500.0,24817.0,1421.0,0,0,0,0,0,1,0,0,0,0,0,0,0,0,1,1,1,0,1,1,1,0,0,0,0,0,0,0,0,1,0,0,0,0,0,0,0,0,0,0,0,0,0.23,0.25,0.0,0.0,0.36,0.0,0.0,0.29,0.0,0.0,0.0,0.0,0.31,0.36,0.0,0.0,0.67,0.0,2018.0,3.0,11.0,2012,10,11,1977.0,94.58419086820642,0.0
93,93,False,5000.0,2941.0,245.0,1,0,1,0,0,0,0,0,0,0,0,0,0,0,1,0,0,0,0,0,1,0,0,0,0,0,0,0,0,0,0,0,0,0,0,0,0,0,0,0,0,0,0.0,0.31,0.0,0.0,0.44,0.31,0.29,0.0,0.0,0.0,0.0,0.35,0.0,0.44,0.31,0.35,0.0,0.0,2018.0,5.0,11.0,2018,1,22,109.0,92.31010671688638,0.0
94,94,False,3700.0,115489.0,1653.0,1,0,0,0,1,0,0,0,0,0,0,0,0,0,1,1,1,0,1,0,1,1,1,0,0,0,0,1,0,0,0,0,0,0,0,0,1,1,1,0,0,0,0.13,0.15,0.6,0.0,0.21,0.0,0.0,0.17,0.6,0.0,0.17,0.17,0.0,0.21,0.0,0.17,0.19,0.0,2016.0,11.0,28.0,2011,4,18,2051.0,98.58889211384474,0.45
95,95,False,11200.0,3102.0,536.0,1,0,1,0,1,0,0,0,0,0,0,0,0,0,1,1,1,0,0,1,1,0,1,1,1,0,0,0,1,0,1,0,0,0,0,0,0,0,0,0,1,0,0.27,0.0,0.41,0.0,0.0,0.0,0.28,0.34,0.41,0.38,0.35,0.0,0.0,0.0,0.0,0.0,0.0,0.36,2017.0,12.0,27.0,2016,12,6,386.0,85.26663001649258,1.5333333333333334
96,96,False,3600.0,1127.0,185.0,0,0,1,0,0,0,0,0,0,0,0,0,0,0,1,1,1,0,1,0,1,0,0,0,0,0,0,0,0,0,0,0,0,0,0,0,0,0,0,0,0,0,0.34,0.38,0.0,0.55,0.0,0.39,0.36,0.0,0.0,0.0,0.0,0.0,0.0,0.0,0.39,0.0,0.0,0.0,2018.0,11.0,17.0,2013,12,13,1800.0,85.89939024390245,0.0
97,97,False,7900.0,1393.0,153.0,1,0,1,0,0,0,0,0,0,0,0,0,0,0,1,1,1,0,0,0,1,0,0,0,0,0,0,0,0,0,0,0,0,0,0,0,0,0,0,0,0,0,0.0,0.32,0.0,0.46,0.0,0.32,0.3,0.0,0.0,0.0,0.37,0.36,0.0,0.0,0.32,0.36,0.0,0.0,2016.0,11.0,9.0,2013,5,28,1261.0,90.10349288486417,0.0
98,98,False,4800.0,328.0,44.0,1,0,1,0,1,0,0,0,0,0,0,0,0,0,1,0,0,0,1,1,1,0,1,1,0,0,1,0,0,0,0,0,0,0,0,0,0,0,0,0,0,0,0.19,0.21,0.57,0.0,0.3,0.0,0.2,0.24,0.57,0.0,0.0,0.0,0.0,0.3,0.0,0.0,0.0,0.0,2018.0,2.0,16.0,2012,4,17,2131.0,88.17204301075269,0.0
99,99,False,4200.0,408.0,82.0,0,0,1,0,1,1,0,0,0,0,0,0,0,0,1,1,1,0,1,0,1,0,0,0,0,0,0,0,0,0,0,0,0,0,0,0,0,0,0,0,0,0,0.38,0.0,0.0,0.0,0.0,0.43,0.4,0.0,0.0,0.0,0.0,0.0,0.0,0.0,0.43,0.0,0.56,0.0,2018.0,5.0,11.0,2016,8,18,631.0,83.26530612244898,0.0
100,100,False,3600.0,322460.0,14590.0,0,0,1,0,0,0,1,0,0,0,0,0,0,0,1,1,1,0,0,1,1,1,1,0,0,0,0,0,0,1,0,0,0,0,0,1,0,1,1,0,0,0,0.19,0.0,0.57,0.0,0.0,0.0,0.2,0.48,0.57,0.0,0.24,0.0,0.0,0.0,0.0,0.0,0.0,0.0,2017.0,10.0,31.0,2006,11,29,3989.0,95.67126539089156,0.8
101,101,False,6800.0,1415.0,210.0,1,0,1,0,0,0,0,0,0,0,0,0,0,0,1,1,1,0,1,0,1,0,0,0,0,0,0,0,0,0,0,0,0,0,0,0,0,0,0,0,0,0,0.0,0.29,0.0,0.0,0.41,0.29,0.27,0.0,0.0,0.0,0.34,0.33,0.0,0.41,0.29,0.33,0.0,0.0,2017.0,10.0,25.0,2017,8,1,85.0,87.07692307692308,0.1
102,102,False,3600.0,1015.0,94.0,1,0,0,1,1,0,0,0,0,0,0,0,0,0,1,0,0,0,0,0,0,0,0,0,0,0,0,0,0,0,0,0,0,0,0,0,0,0,0,0,0,0,0.0,0.0,0.0,0.41,0.41,0.29,0.0,0.0,0.0,0.0,0.34,0.33,0.0,0.41,0.29,0.33,0.0,0.0,2017.0,3.0,3.0,2007,5,1,3594.0,91.5238954012624,2.8
103,103,False,3600.0,468.0,43.0,0,0,1,0,0,0,0,0,0,0,0,0,0,0,1,0,0,1,0,0,1,0,0,0,0,0,0,0,0,0,0,0,0,0,0,0,0,0,0,0,0,0,0.47,0.26,0.0,0.37,0.0,0.26,0.25,0.0,0.0,0.33,0.0,0.29,0.0,0.0,0.26,0.29,0.0,0.32,2017.0,10.0,28.0,2008,12,15,3239.0,91.58512720156556,0.0
104,104,False,2900.0,34729.0,1454.0,0,0,1,0,0,1,1,0,0,0,0,0,0,0,1,1,0,0,0,0,0,0,0,0,0,0,0,0,0,0,0,0,1,1,0,0,0,0,0,0,0,0,0.0,0.3,0.0,0.0,0.42,0.3,0.28,0.0,0.0,0.0,0.0,0.0,0.37,0.42,0.3,0.0,0.39,0.0,2017.0,3.0,10.0,2012,9,14,1638.0,95.98153829146284,0.5
105,105,False,9800.0,2644.0,1256.0,0,0,0,0,0,1,0,0,0,0,0,0,0,0,1,1,1,0,0,1,1,0,0,0,0,0,0,0,0,0,0,0,0,0,0,1,0,0,0,0,0,0,0.23,0.0,0.34,0.36,0.36,0.25,0.0,0.29,0.34,0.0,0.0,0.0,0.0,0.36,0.25,0.0,0.33,0.0,2018.0,3.0,8.0,2016,4,21,686.0,67.7948717948718,0.0
106,106,False,8800.0,1813.0,188.0,1,0,0,0,0,0,0,0,0,0,0,0,0,0,1,0,1,0,1,0,1,0,0,0,0,0,0,0,0,0,0,0,0,0,0,0,0,0,0,0,0,0,0.24,0.27,0.0,0.39,0.0,0.27,0.25,0.0,0.0,0.34,0.32,0.3,0.0,0.0,0.27,0.31,0.0,0.33,2019.0,4.0,9.0,2017,5,26,683.0,90.60469765117442,0.0
107,107,True,0.0,0.0,0.0,0,0,1,0,0,0,0,0,0,0,0,0,0,0,1,0,0,0,0,0,0,0,0,0,0,0,0,0,0,0,0,0,0,0,0,0,0,0,0,0,0,0,0.0,0.0,0.0,0.0,0.0,0.0,1.0,0.0,0.0,0.0,0.0,0.0,0.0,0.0,0.0,0.0,0.0,0.0,2018.0,9.0,1.0,2017,4,20,499.0,-1.0,0.03333333333333333
108,108,False,3700.0,463.0,131.0,1,0,1,0,0,0,1,0,0,0,0,0,0,0,1,1,1,0,0,0,1,0,0,0,0,0,0,0,0,0,0,0,0,0,0,0,0,0,0,0,0,0,0.0,0.39,0.0,0.0,0.0,0.4,0.37,0.0,0.0,0.0,0.0,0.44,0.0,0.0,0.4,0.45,0.0,0.0,2018.0,2.0,27.0,2018,2,22,5.0,77.94612794612794,0.0
109,109,False,7000.0,3129.0,595.0,0,0,1,0,1,1,0,0,0,0,0,0,0,0,0,1,1,1,0,1,1,0,0,0,0,0,0,0,1,0,0,0,0,0,0,0,0,0,0,0,0,0,0.26,0.28,0.39,0.0,0.0,0.0,0.27,0.33,0.39,0.0,0.33,0.0,0.0,0.0,0.0,0.0,0.38,0.35,2019.0,4.0,14.0,2017,11,16,514.0,84.02255639097744,1.6833333333333331
110,110,False,7900.0,611.0,212.0,1,0,1,0,0,0,0,0,0,0,0,0,0,0,1,1,1,0,0,0,1,0,0,0,0,0,0,0,0,0,0,0,0,0,0,0,1,0,0,0,0,0,0.0,0.34,0.0,0.49,0.0,0.34,0.32,0.0,0.0,0.0,0.0,0.39,0.0,0.0,0.34,0.39,0.0,0.0,2016.0,11.0,9.0,2014,5,6,918.0,74.24058323207777,0.0
111,111,False,6800.0,9038.0,696.0,0,0,0,1,0,0,0,0,0,0,0,0,0,0,1,0,0,1,0,0,0,0,0,0,0,0,1,0,0,0,0,0,0,0,0,0,0,0,0,0,0,0,0.0,0.25,0.35,0.36,0.0,0.25,0.24,0.0,0.35,0.0,0.0,0.29,0.32,0.0,0.25,0.29,0.33,0.0,2018.0,3.0,22.0,2014,4,29,1423.0,92.84980480788987,0.25
112,112,True,0.0,3.0,2.0,0,1,1,0,1,0,0,0,0,0,1,0,0,0,1,0,0,0,1,0,0,0,0,0,0,0,0,0,0,0,0,0,0,0,0,0,0,0,0,0,1,0,0.37,0.0,0.0,0.0,0.59,0.0,0.39,0.0,0.0,0.0,0.0,0.0,0.0,0.59,0.0,0.0,0.0,0.0,2017.0,11.0,21.0,2015,1,19,1037.0,60.0,0.08333333333333333
113,113,False,6800.0,1683.0,395.0,0,0,0,1,0,0,0,0,0,0,0,0,0,0,1,0,0,0,0,0,0,0,0,0,0,0,0,0,0,0,0,0,0,0,0,0,0,0,0,0,0,0,0.36,0.2,0.0,0.28,0.0,0.2,0.0,0.0,0.0,0.25,0.46,0.22,0.49,0.0,0.2,0.22,0.0,0.24,2016.0,11.0,28.0,2012,10,29,1491.0,80.99133782483156,1.75
114,114,False,6800.0,973.0,304.0,0,0,0,0,0,0,0,0,0,0,0,0,1,0,1,1,1,0,1,1,1,0,0,1,0,0,0,0,1,0,0,0,0,0,0,0,0,0,0,0,0,0,0.22,0.0,0.0,0.0,0.35,0.25,0.0,0.28,0.0,0.31,0.57,0.0,0.0,0.35,0.25,0.0,0.0,0.3,2018.0,1.0,30.0,2018,7,3,-154.0,76.19420516836335,0.0
115,115,False,9900.0,9674.0,639.0,0,0,0,1,1,0,0,0,0,0,0,0,0,0,1,0,0,0,0,0,0,0,0,0,0,0,0,0,0,0,0,0,0,0,0,0,0,0,0,0,0,0,0.34,0.19,0.0,0.0,0.27,0.19,0.0,0.0,0.0,0.24,0.45,0.22,0.47,0.27,0.19,0.22,0.0,0.23,2018.0,5.0,9.0,2008,12,19,3428.0,93.80393677882284,0.2
116,116,False,10000.0,8836.0,854.0,1,0,0,0,1,0,0,0,0,0,0,0,0,0,1,1,1,0,1,0,1,0,0,0,0,0,0,0,0,0,0,0,0,0,0,0,0,0,0,0,0,0,0.58,0.32,0.0,0.46,0.0,0.32,0.0,0.0,0.0,0.0,0.38,0.0,0.0,0.0,0.32,0.0,0.0,0.0,2018.0,10.0,29.0,2017,4,11,566.0,91.18679050567596,0.0
117,117,False,6800.0,5190.0,553.0,0,0,0,0,1,0,0,0,0,0,0,0,0,0,1,1,1,0,1,1,1,0,0,1,0,0,0,0,0,0,0,0,0,0,0,0,0,0,0,0,0,0,0.19,0.22,0.29,0.0,0.31,0.22,0.0,0.25,0.29,0.27,0.51,0.0,0.0,0.31,0.22,0.0,0.0,0.26,2018.0,1.0,30.0,2009,9,15,3059.0,90.37088629636078,0.0
118,118,False,1100.0,1373.0,91.0,1,0,1,0,0,0,0,0,0,0,0,0,0,0,1,1,0,0,0,0,0,0,0,0,0,0,0,0,0,0,0,0,0,0,0,0,0,0,0,0,0,0,0.0,0.73,0.0,0.0,0.0,0.0,0.69,0.0,0.0,0.0,0.0,0.0,0.0,0.0,0.0,0.0,0.0,0.0,2018.0,4.0,24.0,2016,1,29,816.0,93.78415300546447,1.4166666666666667
119,119,False,13800.0,3393.0,712.0,0,0,0,1,0,0,0,0,0,0,0,0,0,0,1,1,1,0,0,0,1,1,0,0,0,0,0,0,0,0,0,0,0,0,0,0,0,0,0,0,0,0,0.0,0.24,0.0,0.35,0.0,0.24,0.0,0.0,0.0,0.31,0.0,0.28,0.6,0.0,0.24,0.28,0.0,0.3,2017.0,4.0,10.0,2018,5,8,-393.0,82.65529841656516,2.533333333333333
120,120,False,6800.0,333.0,24.0,0,0,0,0,0,0,0,0,0,0,0,0,0,0,0,0,0,0,0,0,0,0,0,0,0,0,0,0,0,0,1,0,0,0,0,0,0,0,0,0,1,0,0.0,0.0,0.0,0.0,0.0,0.0,0.0,0.0,0.0,0.0,0.0,0.0,0.0,0.0,0.0,0.0,0.0,0.0,2017.0,11.0,19.0,2016,4,5,593.0,93.27731092436974,2.3
121,121,False,4800.0,424.0,1442.0,0,0,0,1,1,0,0,0,0,0,0,0,0,0,1,1,1,0,1,1,1,0,1,0,0,0,1,0,0,0,0,0,0,0,0,0,0,1,0,0,0,0,0.26,0.0,0.59,0.21,0.0,0.0,0.0,0.17,0.59,0.0,0.17,0.0,0.36,0.0,0.0,0.0,0.0,0.0,2017.0,4.0,4.0,2014,7,31,978.0,22.722400857449088,0.0
122,122,False,7000.0,8121.0,850.0,0,0,1,0,0,0,1,0,0,0,0,0,0,0,1,1,1,1,0,0,1,0,0,0,0,0,0,0,0,0,0,0,1,1,0,0,0,0,0,0,0,0,0.0,0.39,0.0,0.0,0.0,0.39,0.37,0.45,0.0,0.0,0.46,0.0,0.0,0.0,0.39,0.0,0.0,0.0,2019.0,5.0,1.0,2019,1,29,92.0,90.52502508081595,0.5
123,123,False,8500.0,8353.0,1007.0,0,0,1,1,0,1,0,0,0,0,0,0,0,0,1,1,1,0,1,0,1,0,0,0,0,0,0,0,0,0,0,0,0,0,0,0,0,1,1,0,0,0,0.0,0.16,0.0,0.23,0.0,0.16,0.15,0.0,0.0,0.0,0.0,0.18,0.6,0.0,0.16,0.18,0.64,0.0,2017.0,6.0,28.0,2014,1,14,1261.0,89.241452991453,0.5333333333333333
124,124,False,7000.0,419.0,42.0,1,0,1,0,0,0,0,0,0,0,0,0,0,0,1,0,0,0,0,0,0,0,0,0,0,0,0,0,0,0,0,0,0,0,0,0,0,0,0,0,0,0,0.0,0.37,0.0,0.0,0.53,0.0,0.35,0.0,0.0,0.0,0.43,0.0,0.0,0.53,0.0,0.0,0.0,0.0,2019.0,6.0,27.0,2014,5,8,1876.0,90.88937093275487,0.0
125,125,False,7000.0,3068.0,295.0,1,0,0,0,0,0,0,0,0,0,0,1,0,0,1,1,1,0,1,0,1,0,0,0,0,0,0,0,0,0,0,0,0,0,0,0,0,0,0,0,0,0,0.27,0.3,0.0,0.0,0.43,0.0,0.28,0.0,0.0,0.38,0.35,0.0,0.0,0.43,0.0,0.0,0.0,0.36,2018.0,9.0,19.0,2018,9,13,6.0,91.22807017543859,0.0
126,126,True,0.0,6.0,2.0,0,0,0,0,1,0,0,0,0,0,1,1,0,0,0,0,0,1,0,1,0,0,0,0,0,0,0,0,1,0,0,0,0,0,0,0,0,0,0,0,0,0,0.16,0.0,0.49,0.26,0.0,0.0,0.0,0.41,0.49,0.22,0.42,0.0,0.0,0.0,0.0,0.0,0.0,0.22,2018.0,12.0,3.0,2018,6,5,181.0,75.0,0.13333333333333333
127,127,True,0.0,0.0,0.0,0,1,0,0,0,0,0,0,0,0,1,0,0,0,1,0,0,0,0,0,0,0,0,0,0,0,0,0,0,0,0,0,0,0,0,0,0,0,0,0,0,0,0.0,0.0,0.0,0.0,0.0,0.0,0.0,0.0,0.0,0.0,0.0,0.0,0.0,0.0,0.0,0.0,0.0,0.0,2019.0,1.0,19.0,2019,1,15,4.0,-1.0,0.0
128,128,False,6900.0,634.0,110.0,1,0,1,0,0,0,0,0,0,0,0,0,0,0,1,1,1,0,1,0,1,0,0,0,0,0,0,0,0,0,0,0,0,0,0,0,0,0,0,0,0,0,0.0,0.0,0.0,0.0,0.0,0.47,0.0,0.0,0.0,0.0,0.0,0.53,0.0,0.0,0.47,0.53,0.0,0.0,2018.0,4.0,21.0,2016,11,15,522.0,85.21505376344086,0.0
129,129,False,9900.0,898.0,52.0,1,0,0,0,0,0,0,0,0,1,0,0,1,0,1,1,1,1,0,0,1,0,0,0,0,0,0,0,0,0,0,0,0,0,0,0,0,0,0,0,0,0,0.0,0.32,0.0,0.0,0.46,0.32,0.0,0.0,0.0,0.0,0.0,0.36,0.0,0.46,0.32,0.37,0.0,0.0,2019.0,8.0,11.0,2017,3,24,870.0,94.52631578947368,0.0
130,130,False,15400.0,2125.0,333.0,0,0,0,0,0,0,0,0,0,0,0,0,0,0,1,1,1,0,1,1,1,0,0,1,0,0,1,0,1,0,0,0,0,0,0,0,0,0,0,0,0,0,0.28,0.31,0.0,0.0,0.45,0.32,0.3,0.36,0.0,0.0,0.0,0.0,0.0,0.45,0.32,0.0,0.0,0.0,2017.0,12.0,21.0,2016,9,2,475.0,86.45240032546786,1.4
131,131,False,6800.0,2790.0,450.0,0,0,1,0,0,1,0,0,0,0,0,0,0,0,1,1,0,0,0,1,1,1,1,0,1,0,0,0,1,1,0,0,0,0,0,0,0,0,0,0,0,0,0.0,0.24,0.0,0.35,0.0,0.24,0.23,0.28,0.0,0.0,0.0,0.0,0.0,0.0,0.48,0.0,0.63,0.0,2018.0,8.0,4.0,2016,3,10,877.0,86.11111111111111,0.016666666666666666
132,132,False,6800.0,10595.0,888.0,0,0,0,0,1,0,0,0,0,0,0,0,0,0,1,0,1,0,1,1,1,0,1,0,1,1,1,0,0,0,0,0,0,0,0,1,0,0,0,0,0,0,0.14,0.0,0.64,0.0,0.22,0.0,0.0,0.18,0.64,0.0,0.0,0.0,0.0,0.22,0.0,0.0,0.21,0.0,2018.0,11.0,22.0,2015,12,7,1081.0,92.26682922581207,0.6333333333333333
133,133,False,30800.0,56368.0,20286.0,0,0,0,0,1,0,0,0,0,0,0,0,0,0,1,1,1,1,0,1,1,0,1,1,0,0,0,1,0,0,0,0,0,0,0,0,0,0,0,0,0,0,0.37,0.2,0.28,0.29,0.0,0.21,0.0,0.24,0.28,0.26,0.24,0.0,0.51,0.0,0.21,0.0,0.0,0.25,2018.0,8.0,12.0,2018,8,9,3.0,73.53562762543376,49.38333333333333
134,134,False,1800.0,1081.0,76.0,1,0,1,0,0,0,0,0,0,0,0,0,0,0,1,1,1,0,0,0,1,0,0,0,0,0,0,0,0,0,0,0,0,0,0,0,0,0,0,0,0,0,0.0,0.47,0.0,0.0,0.0,0.0,0.45,0.0,0.0,0.0,0.0,0.54,0.0,0.0,0.0,0.54,0.0,0.0,2018.0,4.0,24.0,2018,1,11,103.0,93.43128781331028,0.0
135,135,False,6900.0,2048.0,883.0,0,0,0,0,0,1,0,0,0,0,0,0,0,0,1,1,1,0,1,1,1,1,0,1,0,0,0,0,1,0,0,0,0,0,0,0,0,0,1,0,0,0,0.0,0.0,0.0,0.0,0.0,0.0,0.0,0.54,0.0,0.0,0.0,0.0,0.0,0.0,0.0,0.0,0.62,0.57,2019.0,9.0,7.0,2017,8,11,757.0,69.87376322074378,0.0
136,136,False,8800.0,1945.0,2951.0,0,0,0,0,1,0,1,0,0,0,0,0,0,0,1,1,1,0,1,0,1,1,0,0,0,0,0,0,0,0,0,0,0,0,0,0,0,1,0,0,0,0,0.25,0.28,0.0,0.0,0.4,0.28,0.0,0.0,0.0,0.35,0.0,0.0,0.0,0.4,0.28,0.0,0.37,0.34,2017.0,10.0,27.0,2013,11,15,1442.0,39.72630718954248,0.85
137,137,False,4800.0,507.0,96.0,0,0,1,0,1,1,0,0,0,0,0,0,0,0,1,0,0,0,0,1,1,0,1,1,1,0,0,0,0,0,0,0,0,0,0,0,0,0,0,0,0,0,0.36,0.0,0.0,0.0,0.0,0.0,0.38,0.46,0.0,0.0,0.47,0.0,0.0,0.0,0.0,0.0,0.53,0.0,2018.0,11.0,25.0,2016,9,14,802.0,84.07960199004975,0.0
138,138,False,11200.0,8215.0,1424.0,0,0,0,0,1,0,0,0,0,0,0,0,0,0,1,0,1,0,1,0,1,0,0,0,0,0,0,0,0,0,0,0,0,0,0,0,0,0,0,0,0,0,0.21,0.23,0.0,0.0,0.33,0.23,0.0,0.0,0.0,0.29,0.54,0.26,0.0,0.33,0.23,0.26,0.0,0.28,2018.0,6.0,22.0,2016,9,29,631.0,85.22668326589896,0.7
139,139,False,5900.0,656.0,138.0,1,0,1,0,0,0,0,0,0,0,0,0,0,0,0,1,1,0,0,0,1,0,0,0,0,0,0,0,0,0,0,0,0,0,0,0,1,0,0,0,0,0,0.0,0.0,0.0,0.0,0.0,0.43,0.4,0.0,0.0,0.0,0.0,0.48,0.0,0.0,0.43,0.48,0.0,0.0,2019.0,2.0,27.0,2013,10,25,1951.0,82.61964735516372,0.0
140,140,False,26800.0,8356.0,2040.0,1,1,0,0,1,0,0,0,1,0,0,0,0,0,1,0,1,0,1,1,1,0,1,1,1,0,0,0,1,0,0,0,0,0,0,0,0,0,0,0,0,1,0.16,0.0,0.49,0.0,0.0,0.18,0.0,0.41,0.49,0.22,0.21,0.2,0.22,0.0,0.18,0.2,0.0,0.22,2019.0,6.0,21.0,2016,10,27,967.0,80.37706810311659,0.0
141,141,False,11200.0,365.0,55.0,1,0,1,0,1,0,0,0,0,0,0,0,0,0,1,0,1,0,0,0,1,1,0,0,0,0,0,0,0,0,0,0,0,0,0,0,0,0,1,0,0,0,0.51,0.0,0.0,0.0,0.0,0.0,0.54,0.0,0.0,0.0,0.67,0.0,0.0,0.0,0.0,0.0,0.0,0.0,2018.0,4.0,22.0,2017,10,17,187.0,86.90476190476191,0.0
142,142,False,800.0,9318.0,1194.0,0,1,1,1,0,0,1,0,0,0,0,0,0,0,1,1,1,1,0,0,1,0,0,0,0,0,0,0,0,0,0,0,0,0,0,0,0,0,0,0,1,0,0.0,0.0,0.0,0.0,0.0,0.49,0.46,0.0,0.0,0.0,0.57,0.0,0.0,0.0,0.49,0.0,0.0,0.0,2015.0,9.0,12.0,2014,8,18,390.0,88.64155251141553,0.5
143,143,False,3700.0,5361.0,402.0,1,0,1,0,0,0,0,0,0,0,0,0,0,0,1,1,1,0,1,0,1,0,0,0,0,0,0,0,0,0,0,0,0,0,0,0,0,1,0,0,0,0,0.0,0.39,0.0,0.0,0.0,0.4,0.37,0.0,0.0,0.0,0.0,0.44,0.0,0.0,0.4,0.45,0.0,0.0,2016.0,10.0,4.0,2016,1,14,264.0,93.02446642373764,4.216666666666667
144,144,False,11600.0,5791.0,480.0,0,0,1,0,0,1,0,0,0,0,0,0,0,0,1,1,1,0,0,1,1,0,1,0,1,1,0,0,1,0,0,1,0,0,0,0,0,0,1,0,0,0,0.2,0.0,0.31,0.0,0.32,0.23,0.21,0.26,0.31,0.0,0.0,0.0,0.0,0.32,0.23,0.0,0.59,0.0,2018.0,3.0,13.0,2012,6,12,2100.0,92.3457183862223,0.0
145,145,False,7000.0,67.0,74.0,1,0,1,0,1,0,1,0,0,0,0,0,0,0,1,0,0,0,1,0,1,0,0,0,0,0,0,0,0,0,0,0,0,0,0,0,0,0,0,0,0,0,0.69,0.0,0.0,0.0,0.0,0.0,0.72,0.0,0.0,0.0,0.0,0.0,0.0,0.0,0.0,0.0,0.0,0.0,2019.0,3.0,30.0,2018,11,7,143.0,47.5177304964539,0.0
146,146,False,9000.0,2789.0,410.0,0,0,0,1,0,0,0,0,0,0,0,0,0,0,1,1,1,0,1,0,1,0,0,0,0,0,0,0,1,0,0,0,0,0,0,0,0,0,0,0,0,0,0.45,0.0,0.0,0.36,0.0,0.25,0.0,0.29,0.0,0.0,0.29,0.0,0.62,0.0,0.25,0.0,0.0,0.0,2019.0,6.0,27.0,2018,2,27,485.0,87.18349484213816,0.0
147,147,False,7900.0,1074.0,126.0,1,0,1,0,0,0,0,0,0,0,0,0,0,0,1,1,1,0,0,0,1,0,0,0,0,0,0,0,0,0,0,0,0,0,0,0,0,0,0,0,0,0,0.0,0.0,0.0,0.0,0.0,0.43,0.4,0.0,0.0,0.0,0.0,0.48,0.0,0.0,0.43,0.48,0.0,0.0,2016.0,11.0,13.0,2013,10,17,1123.0,89.5,0.0
148,148,False,3700.0,612.0,171.0,1,0,0,0,0,0,0,0,0,0,0,0,0,0,1,1,0,0,0,0,1,0,0,0,0,0,0,0,0,0,0,0,0,0,0,0,0,1,0,0,0,0,0.0,0.31,0.0,0.44,0.44,0.0,0.29,0.0,0.0,0.0,0.0,0.35,0.0,0.44,0.0,0.35,0.0,0.0,2019.0,7.0,18.0,2015,8,31,1417.0,78.16091954022988,0.0
149,149,False,9000.0,42599.0,678.0,0,1,1,0,0,1,1,0,0,0,0,1,0,0,1,0,1,0,0,1,1,0,0,0,0,0,0,0,1,1,0,1,0,0,0,0,0,0,1,0,0,0,0.0,0.0,0.35,0.0,0.37,0.0,0.25,0.3,0.35,0.33,0.0,0.0,0.0,0.37,0.0,0.0,0.34,0.32,2017.0,10.0,2.0,2016,2,25,585.0,98.43334796774268,1.95
150,150,False,4200.0,3936.0,515.0,1,0,1,0,0,0,0,0,0,0,0,0,0,0,1,1,1,0,1,0,1,0,0,0,0,0,0,0,0,0,0,0,0,0,0,0,0,0,0,0,0,0,0.0,0.0,0.0,0.0,0.0,0.0,0.51,0.0,0.0,0.0,0.0,0.61,0.0,0.0,0.0,0.61,0.0,0.0,2018.0,4.0,6.0,2017,4,18,353.0,88.42956638957537,0.0
151,151,False,3400.0,525.0,85.0,1,0,1,0,0,0,0,0,0,0,0,0,0,0,1,1,0,1,0,0,1,0,0,1,0,0,0,0,0,0,0,0,0,0,0,0,0,0,0,0,0,0,0.0,0.31,0.0,0.0,0.44,0.31,0.29,0.0,0.0,0.0,0.0,0.35,0.0,0.44,0.31,0.35,0.0,0.0,2017.0,6.0,23.0,2016,4,22,427.0,86.0655737704918,1.6833333333333331
152,152,False,6800.0,8631.0,1192.0,1,0,0,0,1,0,0,0,0,0,0,0,0,0,1,1,0,1,0,0,0,0,0,0,0,0,0,0,0,0,0,0,0,0,0,0,0,0,0,0,0,0,0.26,0.28,0.0,0.0,0.41,0.29,0.0,0.0,0.0,0.36,0.33,0.0,0.0,0.41,0.29,0.0,0.0,0.35,2018.0,3.0,23.0,2013,5,1,1787.0,87.86521429298585,0.0
153,153,False,8800.0,3533.0,1092.0,0,0,0,1,1,0,1,0,0,0,0,0,0,0,1,1,0,0,1,0,1,0,0,1,0,0,0,0,0,0,0,0,0,0,0,0,0,0,0,0,0,0,0.23,0.26,0.35,0.0,0.0,0.26,0.0,0.3,0.35,0.33,0.3,0.0,0.32,0.0,0.26,0.0,0.0,0.32,2018.0,6.0,21.0,2015,4,27,1151.0,76.38918918918918,0.16666666666666666
154,154,False,9900.0,2355.0,260.0,0,0,1,1,0,1,0,0,0,0,0,0,0,0,1,1,0,0,0,0,1,0,0,0,0,0,0,0,0,0,0,0,0,0,0,0,0,0,0,0,0,0,0.0,0.0,0.29,0.62,0.0,0.0,0.2,0.0,0.29,0.0,0.0,0.0,0.27,0.0,0.0,0.0,0.57,0.0,2018.0,12.0,7.0,2015,11,20,1113.0,90.05736137667304,0.9666666666666668
155,155,False,3200.0,798.0,52.0,1,1,1,1,1,1,0,0,0,0,0,0,0,0,1,1,1,0,0,0,0,0,0,0,0,0,0,0,0,0,0,0,0,0,0,0,0,1,0,0,0,0,0.22,0.0,0.0,0.0,0.0,0.24,0.23,0.0,0.0,0.0,0.0,0.0,0.61,0.0,0.24,0.0,0.64,0.0,2018.0,6.0,21.0,2015,2,13,1224.0,93.88235294117648,0.1
156,156,True,0.0,351.0,91.0,1,1,1,0,0,0,0,0,0,1,1,0,1,0,1,0,0,0,0,0,1,0,0,0,0,0,0,0,0,0,0,0,0,0,0,0,0,0,0,0,0,0,0.0,0.24,0.0,0.7,0.35,0.0,0.23,0.0,0.0,0.0,0.0,0.28,0.0,0.35,0.0,0.28,0.0,0.0,2019.0,7.0,18.0,2017,1,24,905.0,79.41176470588235,0.0
157,157,True,0.0,1719.0,310.0,1,1,1,1,1,0,1,0,1,0,1,0,0,0,1,1,0,0,0,1,0,1,1,0,1,0,0,0,1,0,0,0,0,0,0,0,0,0,0,1,0,1,0.22,0.0,0.33,0.0,0.0,0.0,0.23,0.56,0.33,0.31,0.29,0.0,0.3,0.0,0.0,0.0,0.0,0.3,2018.0,1.0,19.0,2017,5,8,256.0,84.72153770330212,0.2
158,158,False,6800.0,11486.0,1087.0,0,0,0,1,1,0,0,0,0,0,0,0,0,0,1,1,1,1,0,0,1,0,0,0,0,0,0,0,0,0,0,0,0,0,0,0,1,1,0,0,0,0,0.22,0.25,0.0,0.0,0.35,0.25,0.0,0.0,0.0,0.31,0.29,0.28,0.31,0.35,0.25,0.28,0.0,0.3,2017.0,6.0,23.0,2013,10,25,1337.0,91.35448977968663,3.2333333333333334
159,159,False,6800.0,1293.0,547.0,0,0,0,0,1,0,0,0,0,0,0,0,0,0,1,0,1,1,0,0,1,0,1,1,0,0,0,0,0,0,0,0,0,0,0,1,0,0,0,0,0,0,0.21,0.0,0.32,0.0,0.33,0.0,0.0,0.27,0.32,0.29,0.55,0.0,0.0,0.33,0.0,0.0,0.0,0.28,2018.0,1.0,30.0,2011,6,9,2427.0,70.27173913043478,0.0
160,160,False,6800.0,25689.0,6151.0,0,0,0,0,1,0,0,0,0,0,0,0,0,0,1,1,1,0,1,0,1,0,0,0,0,0,0,0,0,0,0,0,0,0,0,0,0,0,0,0,0,0,0.34,0.38,0.0,0.0,0.0,0.0,0.0,0.43,0.0,0.0,0.44,0.43,0.0,0.0,0.0,0.43,0.0,0.0,2017.0,6.0,12.0,2014,8,27,1020.0,80.68153266331657,12.766666666666667
161,161,False,15800.0,11102.0,1788.0,1,0,0,0,1,0,0,0,0,0,0,0,0,0,1,1,1,0,1,1,1,0,1,1,0,0,0,0,0,0,0,0,0,0,0,0,0,0,0,0,0,0,0.19,0.21,0.29,0.0,0.0,0.0,0.0,0.25,0.29,0.27,0.5,0.0,0.0,0.0,0.0,0.0,0.28,0.53,2017.0,11.0,22.0,2017,2,13,282.0,86.1287820015516,10.0
162,162,False,2200.0,340.0,40.0,1,0,1,0,0,0,0,0,0,0,0,0,0,0,1,0,0,0,0,0,1,0,0,0,0,0,0,0,0,0,0,0,0,0,0,0,0,0,0,0,0,0,0.0,0.39,0.0,0.0,0.0,0.4,0.37,0.0,0.0,0.0,0.0,0.44,0.0,0.0,0.4,0.45,0.0,0.0,2018.0,9.0,16.0,2017,6,2,471.0,89.47368421052632,0.0
163,163,False,3600.0,221277.0,6414.0,1,0,1,1,1,0,0,0,0,0,0,0,0,0,1,1,1,0,1,1,1,0,1,0,1,0,0,0,1,0,0,0,0,0,0,0,0,0,0,0,0,0,0.19,0.21,0.56,0.0,0.0,0.0,0.19,0.24,0.56,0.26,0.0,0.0,0.26,0.0,0.0,0.0,0.0,0.25,2017.0,5.0,28.0,2011,5,16,2204.0,97.18302436196424,51.28333333333333
164,164,False,13800.0,1232.0,721.0,1,0,1,1,1,1,0,0,1,0,0,0,0,0,0,0,0,1,0,1,0,1,1,1,0,0,0,1,0,0,0,0,0,0,0,0,0,0,1,0,0,0,0.23,0.0,0.0,0.0,0.0,0.0,0.25,0.6,0.0,0.33,0.31,0.0,0.32,0.0,0.0,0.0,0.34,0.32,2019.0,6.0,15.0,2017,8,29,655.0,63.08243727598566,0.0
165,165,False,4800.0,2492.0,498.0,0,0,1,0,1,0,0,0,0,0,0,0,0,0,1,0,0,1,0,0,1,0,0,1,0,0,0,1,0,0,0,0,0,0,0,0,0,0,0,0,0,0,0.32,0.35,0.0,0.0,0.5,0.0,0.33,0.0,0.0,0.0,0.41,0.0,0.0,0.5,0.0,0.0,0.0,0.0,2017.0,9.0,23.0,2012,7,12,1899.0,83.34448160535118,0.0
166,166,False,3100.0,84.0,26.0,1,0,1,0,0,0,0,0,0,0,0,0,0,0,1,1,1,0,0,0,1,0,0,0,0,0,0,0,0,0,0,0,0,0,0,0,0,0,0,0,0,0,0.0,0.0,0.0,0.0,0.0,0.0,1.0,0.0,0.0,0.0,0.0,0.0,0.0,0.0,0.0,0.0,0.0,0.0,2018.0,4.0,21.0,2017,3,7,410.0,76.36363636363637,0.0
167,167,True,0.0,785.0,84.0,1,1,1,1,0,1,1,0,0,0,1,0,0,0,1,1,1,0,0,0,1,0,0,0,0,0,0,1,0,0,0,0,0,0,0,0,0,0,0,1,0,0,0.26,0.0,0.39,0.41,0.0,0.0,0.27,0.33,0.39,0.0,0.0,0.0,0.36,0.0,0.0,0.0,0.38,0.0,2015.0,9.0,17.0,2015,5,13,127.0,90.3337169159954,24.93333333333333
168,168,False,12500.0,9255.0,1135.0,1,0,0,1,1,0,0,0,0,0,0,0,0,0,1,1,1,0,1,1,1,0,0,1,0,0,0,0,1,0,0,1,0,0,0,0,0,0,0,0,0,0,0.26,0.28,0.0,0.0,0.0,0.29,0.0,0.0,0.0,0.36,0.33,0.32,0.35,0.0,0.29,0.32,0.0,0.35,2018.0,10.0,28.0,2018,8,1,88.0,89.07603464870067,1.7666666666666666
169,169,False,16900.0,1544.0,634.0,0,0,0,1,0,1,0,0,0,0,0,0,0,0,1,1,1,0,0,1,1,0,1,0,0,0,0,0,0,0,0,0,0,0,0,0,0,0,1,0,0,0,0.2,0.22,0.31,0.32,0.0,0.23,0.0,0.26,0.31,0.28,0.0,0.25,0.28,0.0,0.23,0.25,0.3,0.27,2018.0,10.0,30.0,2017,12,7,327.0,70.89072543617998,0.5
170,170,False,2600.0,4245.0,255.0,0,1,1,0,0,1,0,0,0,0,0,0,0,0,1,0,1,0,0,0,1,0,0,1,0,0,0,0,0,0,0,0,0,0,0,0,0,0,0,0,0,0,0.0,0.34,0.0,0.0,0.0,0.0,0.32,0.0,0.0,0.0,0.0,0.0,0.0,0.0,0.0,0.0,0.89,0.0,2019.0,4.0,9.0,2019,4,4,5.0,94.33333333333334,2.5
171,171,False,12500.0,2807.0,469.0,1,0,0,0,1,0,0,0,0,0,0,0,0,0,1,0,1,0,1,0,1,0,0,0,0,0,0,0,0,0,0,0,0,0,0,0,0,0,0,0,0,0,0.48,0.26,0.0,0.0,0.38,0.27,0.0,0.0,0.0,0.0,0.31,0.3,0.0,0.38,0.27,0.3,0.0,0.0,2018.0,7.0,2.0,2013,10,24,1712.0,85.68376068376068,0.0
172,172,False,13400.0,6992.0,423.0,0,0,0,0,0,1,1,0,0,0,0,0,0,0,1,1,1,0,1,1,1,0,1,0,0,0,0,0,0,1,0,0,0,0,0,0,0,0,0,0,0,0,0.0,0.0,0.59,0.31,0.0,0.0,0.0,0.25,0.59,0.0,0.0,0.0,0.27,0.0,0.0,0.0,0.28,0.0,2019.0,6.0,27.0,2017,10,13,622.0,94.29534726904922,0.0
173,173,False,5000.0,17278.0,445.0,1,0,0,0,0,0,0,0,0,0,0,0,0,0,1,0,0,0,1,0,1,0,0,0,0,0,0,0,0,0,0,0,0,0,0,0,0,0,0,0,0,0,0.0,0.36,0.0,0.52,0.0,0.36,0.0,0.0,0.0,0.0,0.0,0.41,0.0,0.0,0.36,0.41,0.0,0.0,2018.0,2.0,5.0,2013,10,11,1578.0,97.48913840771878,1.75
174,174,False,6800.0,4075.0,397.0,1,0,1,0,1,0,0,0,0,0,0,0,0,0,1,1,1,0,1,0,1,0,0,0,0,0,0,0,0,0,0,0,0,0,0,0,0,0,0,0,0,0,0.23,0.25,0.0,0.0,0.36,0.25,0.24,0.0,0.0,0.32,0.29,0.28,0.0,0.36,0.25,0.29,0.0,0.31,2017.0,10.0,19.0,2016,8,24,421.0,91.12254025044723,0.0
175,175,False,6800.0,754.0,130.0,1,0,0,1,0,1,0,0,0,0,0,0,0,0,1,1,0,0,0,1,0,0,1,0,0,0,0,0,0,1,0,0,0,0,0,0,0,0,0,0,0,0,0.0,0.22,0.3,0.32,0.0,0.22,0.0,0.25,0.3,0.0,0.0,0.25,0.55,0.0,0.22,0.25,0.29,0.0,2018.0,6.0,3.0,2014,10,30,1312.0,85.29411764705883,0.0
176,176,False,12900.0,15695.0,2645.0,0,0,0,1,0,0,0,0,0,0,0,0,0,0,1,0,1,1,0,0,1,0,0,0,0,0,0,0,0,0,0,0,0,0,0,0,0,0,0,0,0,0,0.21,0.23,0.0,0.33,0.0,0.23,0.0,0.0,0.0,0.29,0.54,0.26,0.29,0.0,0.23,0.26,0.0,0.28,2019.0,6.0,27.0,2016,10,27,973.0,85.57797164667393,0.0
177,177,False,3600.0,757.0,195.0,0,0,1,1,0,0,0,0,0,0,0,0,0,0,1,1,1,0,1,1,1,1,1,1,0,0,1,1,0,1,0,0,0,0,0,0,0,0,1,0,0,0,0.26,0.0,0.6,0.21,0.0,0.0,0.14,0.17,0.6,0.0,0.0,0.0,0.36,0.0,0.0,0.0,0.0,0.0,2016.0,11.0,28.0,2014,12,4,725.0,79.51680672268907,0.08333333333333333
178,178,False,3600.0,1261.0,497.0,1,0,1,0,0,0,0,0,0,0,0,0,0,0,1,1,0,0,0,0,1,0,0,0,0,0,0,0,0,0,0,0,0,0,0,0,0,1,0,0,0,0,0.0,0.28,0.0,0.0,0.41,0.29,0.27,0.0,0.0,0.0,0.0,0.32,0.0,0.41,0.29,0.32,0.38,0.0,2017.0,6.0,28.0,2014,7,24,1070.0,71.7292377701934,0.0
179,179,False,8800.0,2209.0,475.0,1,0,1,0,0,0,0,0,0,0,0,0,0,0,1,1,1,1,0,0,1,0,0,0,0,0,0,0,0,0,0,0,0,0,0,0,0,0,0,0,0,0,0.0,0.32,0.0,0.0,0.45,0.0,0.3,0.0,0.0,0.0,0.37,0.36,0.0,0.45,0.0,0.36,0.0,0.0,2017.0,12.0,7.0,2017,8,15,114.0,82.30253353204174,0.05
180,180,False,9900.0,12537.0,1746.0,1,0,0,0,1,0,0,0,0,0,0,0,0,0,1,1,1,0,1,0,1,0,0,0,0,0,0,0,0,0,0,0,0,0,0,0,0,0,0,0,0,0,0.22,0.25,0.0,0.0,0.35,0.25,0.0,0.0,0.0,0.31,0.29,0.28,0.31,0.35,0.25,0.28,0.0,0.3,2019.0,7.0,20.0,2017,5,4,807.0,87.77567737870196,0.0
181,181,False,5700.0,514.0,222.0,0,0,1,0,0,1,1,0,0,0,0,0,0,0,1,0,0,0,1,0,1,0,1,0,0,1,1,0,0,0,0,1,0,0,0,0,0,0,0,0,0,0,0.41,0.0,0.0,0.0,0.0,0.0,0.43,0.53,0.0,0.0,0.0,0.0,0.0,0.0,0.0,0.0,0.6,0.0,2017.0,12.0,7.0,2019,2,12,-432.0,69.83695652173914,0.3333333333333333
182,182,False,6400.0,7687.0,4014.0,0,0,0,1,1,0,0,0,0,0,0,0,0,0,1,0,1,0,1,0,1,0,0,0,0,0,0,0,0,0,0,0,0,0,0,0,1,0,0,0,0,0,0.25,0.27,0.0,0.0,0.39,0.28,0.0,0.0,0.0,0.0,0.32,0.31,0.34,0.39,0.28,0.31,0.0,0.0,2018.0,3.0,28.0,2016,9,15,559.0,65.69523972310058,0.0
183,183,False,5400.0,4526.0,480.0,1,0,1,0,1,0,0,0,0,0,0,0,0,0,1,1,1,0,1,0,1,0,1,0,0,1,1,0,0,0,0,0,0,0,0,0,0,0,0,0,0,0,0.18,0.0,0.54,0.0,0.0,0.2,0.19,0.46,0.54,0.0,0.0,0.0,0.25,0.0,0.2,0.0,0.0,0.0,2018.0,7.0,21.0,2018,5,15,67.0,90.41150619256891,14.433333333333335
184,184,False,12900.0,12554.0,2868.0,0,0,0,0,1,0,0,0,0,0,0,0,0,0,1,1,1,0,1,0,1,0,0,0,0,0,0,0,0,0,0,0,0,0,0,0,0,0,0,0,0,0,0.27,0.3,0.0,0.0,0.0,0.31,0.0,0.0,0.0,0.38,0.36,0.34,0.0,0.0,0.31,0.34,0.0,0.37,2019.0,7.0,24.0,2016,11,11,985.0,81.40319024769809,0.0
185,185,False,12700.0,210988.0,4982.0,0,0,0,1,0,0,0,0,0,0,0,0,0,0,1,1,1,0,1,0,1,0,0,0,0,0,0,0,0,0,0,0,0,0,0,0,0,0,0,0,0,0,0.34,0.19,0.0,0.55,0.0,0.19,0.0,0.0,0.0,0.24,0.22,0.21,0.47,0.0,0.19,0.22,0.0,0.23,2019.0,2.0,10.0,2015,5,18,1364.0,97.69319812936982,0.8333333333333334
186,186,False,4800.0,683.0,38.0,1,0,1,0,0,0,0,0,0,0,0,0,0,0,1,1,0,0,0,0,0,0,0,0,0,0,0,0,0,0,0,0,0,0,0,0,0,1,0,0,0,0,0.0,0.0,0.0,0.0,0.0,0.43,0.4,0.0,0.0,0.0,0.0,0.48,0.0,0.0,0.43,0.48,0.0,0.0,2018.0,6.0,21.0,2015,12,21,913.0,94.72954230235784,4.216666666666667
187,187,False,9900.0,5559.0,416.0,0,0,0,1,0,0,0,0,0,0,0,0,0,0,1,0,0,0,0,0,0,0,0,0,0,0,0,0,0,0,0,0,0,0,0,0,0,0,0,0,0,0,0.19,0.21,0.0,0.6,0.0,0.0,0.0,0.0,0.0,0.26,0.24,0.23,0.52,0.0,0.0,0.24,0.0,0.25,2017.0,6.0,23.0,2009,11,5,2787.0,93.03765690376568,0.03333333333333333
188,188,False,6700.0,453.0,160.0,1,0,0,0,1,0,0,0,0,0,0,0,0,0,1,0,0,1,0,1,0,0,0,0,0,0,0,0,0,0,0,0,0,0,0,1,0,0,0,0,0,0,0.25,0.28,0.0,0.0,0.4,0.0,0.0,0.32,0.0,0.0,0.66,0.0,0.0,0.4,0.0,0.0,0.0,0.0,2018.0,6.0,22.0,2007,6,26,4014.0,73.89885807504079,0.0
189,189,False,4800.0,1372.0,69.0,1,0,1,1,1,0,0,0,0,0,0,0,0,0,1,1,1,0,1,0,1,0,1,0,0,1,0,0,0,0,0,0,0,0,0,0,0,0,0,0,0,0,0.27,0.0,0.0,0.0,0.0,0.3,0.29,0.0,0.0,0.38,0.0,0.34,0.38,0.0,0.3,0.34,0.0,0.37,2018.0,5.0,14.0,2016,9,29,592.0,95.2116585704372,0.6
190,190,False,17000.0,31993.0,1058.0,1,0,0,0,1,0,0,0,0,0,0,0,0,0,1,0,1,0,1,0,1,0,0,0,0,0,0,0,0,0,0,0,0,0,0,0,0,0,0,0,0,0,0.25,0.28,0.0,0.41,0.0,0.0,0.0,0.0,0.0,0.36,0.33,0.32,0.35,0.0,0.0,0.32,0.0,0.35,2017.0,6.0,23.0,2012,10,8,1719.0,96.79888656924147,0.9833333333333332
191,191,False,1500.0,2809.0,492.0,1,1,1,0,0,0,0,0,0,0,0,0,0,0,1,0,0,0,0,0,0,0,0,0,0,0,0,0,0,0,0,0,0,0,0,0,0,0,0,0,0,0,0.33,0.0,0.0,0.0,0.0,0.0,0.35,0.0,0.0,0.46,0.0,0.42,0.0,0.0,0.0,0.42,0.0,0.45,2017.0,10.0,28.0,2015,3,5,968.0,85.0954256285974,0.2
192,192,False,20800.0,8351.0,2488.0,1,0,0,0,1,0,0,0,0,0,0,0,0,0,1,1,0,1,0,0,0,0,0,0,0,0,0,0,0,0,0,0,0,0,0,0,0,0,0,0,0,0,0.32,0.18,0.49,0.0,0.0,0.0,0.0,0.0,0.49,0.22,0.21,0.0,0.44,0.0,0.0,0.0,0.24,0.22,2018.0,11.0,9.0,2016,2,29,984.0,77.04585293846296,6.316666666666666
193,193,False,5800.0,5683.0,1359.0,1,0,1,1,0,1,0,0,0,0,0,0,0,0,1,1,1,0,1,0,1,0,0,0,0,0,0,0,1,0,0,0,0,0,0,1,0,0,0,1,0,0,0.0,0.0,0.0,0.49,0.0,0.17,0.16,0.2,0.0,0.0,0.0,0.0,0.42,0.0,0.17,0.0,0.68,0.0,2018.0,8.0,6.0,2015,9,1,1070.0,80.70150525418916,0.0
194,194,False,6800.0,5338.0,699.0,1,0,1,0,0,0,0,0,0,0,0,0,0,0,1,1,1,0,1,0,1,0,0,0,0,0,0,0,0,0,0,0,0,0,0,0,0,0,0,0,0,0,0.0,0.3,0.0,0.0,0.0,0.3,0.29,0.0,0.0,0.38,0.35,0.34,0.0,0.0,0.3,0.34,0.0,0.37,2017.0,10.0,28.0,2014,9,25,1129.0,88.42140135829054,0.0
195,195,False,3500.0,32156.0,5298.0,1,0,1,0,0,0,0,0,0,0,0,0,0,0,1,1,1,0,1,0,1,0,0,0,0,0,0,0,0,0,0,0,0,0,0,0,0,0,0,0,0,0,0.0,0.3,0.0,0.0,0.0,0.3,0.29,0.0,0.0,0.38,0.35,0.34,0.0,0.0,0.3,0.34,0.0,0.37,2017.0,10.0,25.0,2016,2,9,624.0,85.85464836866556,2.1166666666666667
196,196,False,8800.0,249706.0,50297.0,0,0,0,0,1,0,0,0,0,0,0,0,0,0,1,1,0,1,0,1,0,0,1,0,0,0,0,0,0,0,0,0,0,0,0,0,0,0,0,1,0,0,0.18,0.2,0.54,0.0,0.0,0.0,0.0,0.46,0.54,0.0,0.23,0.0,0.0,0.0,0.0,0.0,0.26,0.0,2017.0,12.0,22.0,2015,12,1,752.0,83.23450098832345,2.6333333333333333
197,197,False,13300.0,47530.0,2488.0,1,0,0,1,0,1,0,0,0,0,0,0,0,0,1,1,1,0,1,1,1,1,1,0,1,1,1,0,1,0,0,1,0,0,0,0,0,1,1,0,0,0,0.0,0.2,0.28,0.29,0.0,0.2,0.19,0.23,0.28,0.25,0.0,0.23,0.5,0.0,0.2,0.23,0.27,0.25,2017.0,12.0,4.0,2017,9,14,81.0,95.02579071534247,92.63333333333334
198,198,True,0.0,3578.0,762.0,1,0,1,1,0,1,0,0,0,0,0,0,0,0,1,0,1,1,0,0,1,0,0,0,0,0,0,0,0,0,0,0,0,0,0,0,0,1,0,0,0,0,0.0,0.24,0.0,0.0,0.34,0.0,0.23,0.0,0.0,0.3,0.0,0.0,0.3,0.34,0.0,0.0,0.63,0.29,2017.0,6.0,23.0,2014,9,18,1009.0,82.44239631336406,0.0
199,199,False,6800.0,41729.0,2399.0,1,0,1,0,0,0,1,0,0,0,0,0,0,0,1,1,1,0,1,0,1,1,0,0,0,0,0,0,0,0,0,0,0,0,0,0,0,0,0,0,0,0,0.0,0.39,0.0,0.0,0.0,0.0,0.36,0.0,0.0,0.48,0.0,0.0,0.0,0.0,0.0,0.0,0.51,0.47,2018.0,7.0,18.0,2014,11,14,1342.0,94.56354242204496,0.0
200,200,True,0.0,0.0,0.0,1,0,0,0,0,0,0,0,0,0,1,0,0,0,1,0,0,0,0,0,0,0,0,0,0,0,0,0,0,0,0,0,0,0,0,0,0,0,0,0,0,0,0.0,0.0,0.0,0.0,0.0,0.0,0.0,0.0,0.0,0.0,0.0,0.0,0.0,0.0,0.0,0.0,0.0,0.0,2019.0,8.0,11.0,2018,11,13,271.0,-1.0,0.0
201,201,False,7000.0,1422.0,154.0,1,0,0,0,0,0,0,0,0,0,0,0,0,0,1,1,1,0,1,0,1,0,0,0,0,0,0,0,0,0,0,0,0,0,0,0,0,0,0,0,0,0,0.0,0.32,0.0,0.0,0.46,0.32,0.0,0.0,0.0,0.0,0.0,0.36,0.0,0.46,0.32,0.37,0.0,0.0,2019.0,8.0,11.0,2016,6,29,1138.0,90.22842639593908,0.0
202,202,False,5000.0,1202.0,296.0,1,0,1,0,1,0,0,0,0,0,0,0,0,0,1,1,1,0,1,0,1,0,0,0,0,0,0,0,0,0,0,0,0,0,0,0,0,0,0,0,0,0,0.49,0.27,0.0,0.39,0.0,0.28,0.26,0.0,0.0,0.0,0.0,0.31,0.34,0.0,0.28,0.31,0.0,0.0,2016.0,11.0,13.0,2015,9,29,411.0,80.24032042723631,1.1666666666666667
203,203,False,4800.0,4058.0,560.0,0,0,1,0,0,1,1,0,0,0,0,0,0,0,1,1,1,0,1,0,1,0,0,0,0,0,0,0,0,0,0,0,0,0,0,0,0,0,0,0,0,0,0.0,0.3,0.0,0.44,0.0,0.31,0.29,0.0,0.0,0.38,0.0,0.0,0.0,0.0,0.31,0.0,0.4,0.37,2017.0,4.0,11.0,2016,8,9,245.0,87.87353832828065,1.25
204,204,False,8000.0,43758.0,4142.0,1,0,1,0,0,1,1,0,0,0,0,0,0,0,1,1,1,0,1,0,1,0,0,0,0,0,0,0,0,0,0,0,0,0,0,0,0,0,0,0,0,0,0.3,0.33,0.0,0.0,0.0,0.0,0.32,0.0,0.0,0.42,0.39,0.0,0.0,0.0,0.0,0.0,0.44,0.41,2017.0,12.0,22.0,2017,8,1,143.0,91.35281837160751,1.4
205,205,True,0.0,2713.0,332.0,0,0,0,0,1,0,0,0,0,0,1,0,0,0,1,1,0,1,0,1,0,0,1,0,0,0,0,0,0,0,0,0,0,0,0,0,0,0,0,1,0,0,0.16,0.0,0.48,0.0,0.25,0.0,0.0,0.41,0.48,0.0,0.41,0.0,0.22,0.25,0.0,0.0,0.0,0.0,2015.0,8.0,3.0,2013,3,25,861.0,89.0968801313629,0.016666666666666666
206,206,False,6000.0,6989.0,638.0,0,0,1,1,1,0,0,0,0,1,0,0,1,0,1,1,0,0,1,0,1,0,0,0,0,0,1,0,0,0,0,0,0,0,0,0,0,0,0,0,0,0,0.34,0.19,0.51,0.27,0.0,0.0,0.18,0.0,0.51,0.0,0.0,0.0,0.47,0.0,0.0,0.0,0.0,0.0,2017.0,12.0,22.0,2016,5,17,584.0,91.63498098859316,0.31666666666666665
207,207,False,3600.0,1220.0,486.0,0,0,0,1,0,0,0,0,0,0,0,0,0,0,1,1,0,1,0,1,0,0,1,0,1,0,0,0,1,1,0,0,0,0,0,0,0,0,0,0,0,0,0.33,0.0,0.25,0.53,0.0,0.0,0.0,0.21,0.25,0.23,0.21,0.21,0.46,0.0,0.0,0.21,0.0,0.22,2018.0,6.0,12.0,2009,4,30,3330.0,71.51230949589683,0.0
208,208,False,9000.0,29499.0,4930.0,1,0,1,0,0,0,0,0,0,0,0,0,0,0,1,0,0,0,1,0,0,0,1,0,1,0,0,0,0,0,0,0,0,0,0,0,0,0,0,0,0,0,0.0,0.24,0.33,0.0,0.34,0.24,0.23,0.28,0.33,0.3,0.28,0.0,0.0,0.34,0.24,0.0,0.0,0.29,2017.0,10.0,15.0,2019,2,5,-478.0,85.68067617415551,7.4
209,209,False,7000.0,102948.0,8055.0,1,0,1,0,1,0,1,0,0,0,0,0,0,0,1,0,1,1,0,1,0,0,1,0,0,0,0,0,0,0,0,0,0,0,0,0,0,0,0,0,0,0,0.34,0.37,0.0,0.0,0.0,0.0,0.35,0.0,0.0,0.47,0.44,0.0,0.0,0.0,0.0,0.0,0.0,0.46,2017.0,12.0,9.0,2018,4,30,-142.0,92.74343936650361,2.7
210,210,False,5000.0,141.0,28.0,1,0,0,0,0,0,0,0,0,0,0,0,0,0,1,1,0,0,1,0,1,0,0,0,0,0,0,0,0,0,0,0,0,0,0,0,0,0,0,0,0,0,0.0,0.0,0.0,0.0,0.0,0.0,0.0,0.0,0.0,0.0,0.0,0.0,0.0,0.0,0.0,0.0,0.0,0.0,2019.0,4.0,25.0,2016,11,10,896.0,83.4319526627219,0.0
211,211,False,11600.0,4711.0,1142.0,0,0,0,0,1,1,0,0,0,0,0,0,0,0,1,0,0,0,0,1,1,0,1,0,1,1,0,0,1,1,0,1,0,0,0,0,0,0,0,0,0,0,0.19,0.0,0.29,0.0,0.3,0.21,0.2,0.24,0.29,0.26,0.0,0.0,0.0,0.3,0.21,0.0,0.55,0.26,2019.0,7.0,8.0,2015,8,18,1420.0,80.48863830514266,0.0
212,212,False,6800.0,12903.0,992.0,1,1,1,0,1,0,1,0,0,0,0,0,0,0,1,1,0,0,1,0,1,0,0,0,0,0,0,0,0,0,0,0,0,0,0,0,0,0,0,0,0,0,0.0,0.28,0.0,0.4,0.0,0.28,0.26,0.0,0.0,0.35,0.33,0.31,0.0,0.0,0.28,0.31,0.0,0.34,2017.0,4.0,4.0,2016,8,2,245.0,92.86074127383951,4.183333333333334
213,213,False,3700.0,193310.0,34095.0,0,0,0,1,1,0,0,0,0,0,0,0,0,0,1,1,0,0,1,1,1,0,1,0,1,0,0,0,0,0,0,0,0,0,0,0,0,0,0,1,0,0,0.19,0.0,0.58,0.0,0.0,0.21,0.0,0.24,0.58,0.0,0.25,0.0,0.0,0.0,0.21,0.0,0.28,0.0,2016.0,10.0,14.0,2013,8,13,1158.0,85.00692596908598,11.516666666666667
214,214,False,11800.0,7796.0,2533.0,0,0,0,0,1,0,0,1,0,0,0,0,0,0,1,1,0,1,0,0,0,0,0,0,0,0,0,0,1,0,0,0,0,0,0,0,0,0,0,1,0,0,0.19,0.22,0.3,0.0,0.0,0.22,0.0,0.5,0.3,0.27,0.51,0.0,0.0,0.0,0.22,0.0,0.0,0.26,2018.0,11.0,26.0,2016,12,2,724.0,75.47681285700455,6.3
215,215,False,3600.0,4692.0,614.0,0,0,1,0,1,0,0,0,0,0,0,0,0,0,1,0,0,1,0,1,0,0,1,0,1,1,0,0,1,0,0,1,0,0,0,0,0,0,1,0,0,0,0.17,0.18,0.5,0.0,0.26,0.19,0.17,0.21,0.5,0.23,0.22,0.0,0.0,0.26,0.19,0.0,0.0,0.22,2017.0,6.0,28.0,2012,1,31,1975.0,88.42819449679608,0.0
216,216,False,4000.0,177.0,51.0,0,0,0,1,0,1,0,0,0,0,0,0,0,0,1,1,0,0,0,0,1,0,0,1,0,0,0,0,0,0,0,0,0,0,0,0,0,0,0,0,0,0,0.0,0.33,0.0,0.48,0.0,0.0,0.0,0.0,0.0,0.0,0.0,0.38,0.42,0.0,0.0,0.38,0.44,0.0,2018.0,3.0,22.0,2015,7,28,968.0,77.63157894736842,0.15
217,217,False,6800.0,1238.0,200.0,1,0,1,0,0,0,0,0,0,0,0,0,0,0,1,1,1,0,0,0,1,0,0,0,0,0,0,0,0,0,0,0,1,1,0,0,0,0,0,0,0,0,0.0,0.0,0.0,0.0,0.0,0.43,0.4,0.0,0.0,0.0,0.0,0.48,0.0,0.0,0.43,0.48,0.0,0.0,2018.0,4.0,21.0,2016,3,1,781.0,86.09179415855354,0.0
218,218,False,6900.0,32155.0,9237.0,0,0,0,1,0,0,0,0,1,0,0,0,0,0,0,1,0,1,0,0,0,0,0,0,0,0,0,0,0,0,0,0,0,0,0,0,0,0,0,0,0,1,0.31,0.17,0.23,0.24,0.0,0.17,0.0,0.39,0.23,0.21,0.4,0.19,0.42,0.0,0.17,0.19,0.0,0.21,2017.0,8.0,24.0,2017,5,22,94.0,77.6840935446463,9.883333333333333
219,219,False,2600.0,4898.0,1410.0,0,0,1,0,1,0,0,0,0,0,0,0,0,0,1,1,1,1,0,0,1,0,0,1,0,0,0,0,0,0,0,0,0,0,0,0,0,0,0,0,0,0,0.36,0.0,0.0,0.0,0.0,0.0,0.38,0.0,0.0,0.51,0.47,0.0,0.0,0.0,0.0,0.0,0.0,0.49,2019.0,6.0,28.0,2015,6,1,1488.0,77.64743183259353,0.4166666666666667
220,220,False,15999900.0,77254.0,3407.0,1,0,0,0,1,0,0,0,0,0,0,0,0,0,1,1,1,0,1,1,1,0,0,0,0,0,0,0,0,0,0,0,0,0,0,0,0,0,0,0,0,0,0.46,0.26,0.0,0.0,0.0,0.0,0.0,0.3,0.0,0.0,0.6,0.29,0.32,0.0,0.0,0.29,0.0,0.0,2017.0,10.0,2.0,2013,3,4,1673.0,95.77614956422559,9.683333333333334
221,221,False,5000.0,1651.0,382.0,0,0,1,1,0,0,0,0,0,0,0,0,0,0,1,1,1,0,0,0,1,0,0,0,0,0,0,0,0,0,0,0,0,0,0,0,0,0,0,0,0,0,0.0,0.24,0.0,0.69,0.0,0.0,0.23,0.0,0.0,0.3,0.0,0.27,0.3,0.0,0.0,0.27,0.0,0.29,2017.0,3.0,3.0,2015,10,14,506.0,81.21003443187408,31.983333333333334
222,222,False,18500.0,1849.0,644.0,1,0,0,0,1,0,0,0,0,0,0,0,0,0,1,1,1,0,1,0,1,0,0,0,0,0,0,0,0,0,0,0,0,0,0,0,0,0,0,0,0,0,0.22,0.25,0.0,0.0,0.0,0.25,0.0,0.29,0.0,0.31,0.58,0.28,0.0,0.0,0.25,0.28,0.0,0.3,2018.0,3.0,25.0,2016,6,10,653.0,74.16766947452868,7.516666666666667
223,223,False,9500.0,58815.0,2879.0,0,0,0,0,1,0,0,0,0,0,0,0,0,0,1,1,1,0,1,0,1,0,0,0,0,0,0,0,0,0,0,0,0,0,0,0,0,0,0,0,0,0,0.23,0.25,0.0,0.37,0.36,0.26,0.0,0.0,0.0,0.0,0.3,0.29,0.32,0.36,0.26,0.29,0.0,0.0,2018.0,3.0,28.0,2013,3,25,1829.0,95.33341978150224,0.0
224,224,False,7000.0,30160.0,1226.0,1,0,1,0,1,0,0,0,0,0,0,0,0,0,1,1,1,0,1,0,1,0,0,0,0,0,0,0,0,0,0,0,0,0,0,0,0,1,0,0,0,0,0.32,0.35,0.0,0.0,0.5,0.0,0.33,0.0,0.0,0.0,0.41,0.0,0.0,0.5,0.0,0.0,0.0,0.0,2018.0,3.0,28.0,2013,9,4,1666.0,96.09379978334289,0.0
225,225,True,0.0,86653.0,2667.0,1,0,0,0,1,0,0,0,0,0,0,0,0,0,1,1,1,0,1,0,1,0,0,0,0,0,0,0,0,0,0,0,1,1,1,0,0,0,0,0,0,0,0.31,0.34,0.0,0.0,0.0,0.34,0.32,0.0,0.0,0.0,0.4,0.38,0.0,0.0,0.34,0.39,0.0,0.0,2016.0,9.0,21.0,2015,1,29,601.0,97.0141065830721,3.033333333333333
226,226,False,13800.0,128486.0,53081.0,1,0,1,1,1,0,0,0,1,0,0,0,0,0,1,0,1,0,1,1,1,1,1,0,0,0,0,0,0,0,0,0,0,0,0,1,0,0,1,0,1,1,0.2,0.0,0.3,0.0,0.31,0.0,0.21,0.51,0.3,0.28,0.26,0.0,0.27,0.31,0.0,0.0,0.0,0.27,2019.0,6.0,15.0,2017,8,27,657.0,70.76506193306052,4.766666666666667
227,227,False,9000.0,4834.0,785.0,1,0,0,1,0,0,0,0,0,0,0,0,0,0,1,1,1,0,0,0,1,0,0,0,0,0,0,0,0,0,0,0,0,0,0,0,0,0,0,0,0,0,0.18,0.2,0.0,0.57,0.0,0.2,0.0,0.0,0.0,0.25,0.0,0.22,0.49,0.0,0.2,0.22,0.26,0.24,2017.0,10.0,27.0,2016,11,10,351.0,86.02954262324258,2.2
228,228,False,11200.0,9349.0,1100.0,1,0,1,1,0,1,0,0,0,0,0,0,0,0,1,1,1,0,1,1,1,0,1,0,0,0,1,0,0,1,0,0,0,0,0,0,0,1,0,0,0,0,0.0,0.0,0.43,0.23,0.0,0.16,0.15,0.18,0.43,0.2,0.0,0.18,0.39,0.0,0.16,0.18,0.42,0.19,2017.0,6.0,28.0,2015,10,27,610.0,89.4726768111781,5.4
229,229,False,6800.0,1132.0,284.0,0,0,1,0,1,1,0,0,0,0,0,0,0,0,1,1,1,0,1,0,1,1,0,0,0,0,1,0,0,0,0,0,0,0,0,0,0,0,1,0,0,0,0.22,0.0,0.34,0.0,0.35,0.0,0.23,0.57,0.34,0.0,0.0,0.0,0.0,0.35,0.0,0.0,0.32,0.0,2018.0,2.0,2.0,2012,9,28,1953.0,79.94350282485875,0.08333333333333333
230,230,False,3600.0,12411.0,1334.0,0,0,0,1,1,0,0,0,0,0,0,0,0,0,1,1,0,0,1,1,1,0,1,1,0,0,1,0,0,0,0,0,0,0,0,0,0,0,0,0,0,0,0.25,0.0,0.57,0.2,0.0,0.0,0.13,0.32,0.57,0.0,0.0,0.0,0.35,0.0,0.0,0.0,0.0,0.0,2017.0,4.0,10.0,2011,1,25,2267.0,90.2946526009458,5.033333333333333
231,231,False,9500.0,11955.0,2020.0,1,0,0,0,0,1,0,0,0,0,0,0,0,0,1,0,0,1,0,0,1,0,0,0,0,0,0,0,0,0,0,0,0,0,0,0,0,0,0,0,0,0,0.23,0.26,0.0,0.0,0.0,0.0,0.0,0.0,0.0,0.33,0.61,0.3,0.0,0.0,0.0,0.3,0.34,0.32,2017.0,12.0,17.0,2011,11,8,2231.0,85.54561717352415,0.25
232,232,False,9000.0,244.0,99.0,1,0,1,0,0,0,0,0,0,0,0,0,0,0,1,0,1,0,0,1,1,0,1,0,1,0,0,0,1,0,0,0,0,0,0,0,0,0,0,0,0,0,0.0,0.0,0.0,0.0,0.0,0.0,0.63,0.77,0.0,0.0,0.0,0.0,0.0,0.0,0.0,0.0,0.0,0.0,2019.0,6.0,27.0,2018,7,12,350.0,71.13702623906705,0.0
233,233,False,12700.0,68895.0,5453.0,0,0,0,1,1,0,0,0,0,0,0,0,0,0,1,1,1,0,1,1,1,1,1,0,0,0,0,0,0,0,0,0,0,0,0,1,0,0,1,0,0,0,0.25,0.28,0.38,0.0,0.0,0.0,0.0,0.32,0.38,0.35,0.33,0.0,0.35,0.0,0.0,0.0,0.0,0.34,2018.0,4.0,16.0,2015,1,26,1176.0,92.66557271211062,0.016666666666666666
234,234,True,0.0,76.0,5.0,1,0,0,1,1,0,1,0,0,0,1,0,0,0,1,0,0,0,0,0,0,0,0,0,0,0,0,0,0,0,0,0,0,0,0,0,0,0,0,0,0,0,0.23,0.0,0.0,0.0,0.37,0.0,0.25,0.0,0.0,0.33,0.0,0.3,0.32,0.37,0.0,0.3,0.34,0.32,2016.0,9.0,21.0,2015,10,30,327.0,93.82716049382715,5.383333333333334
235,235,False,5000.0,280.0,81.0,1,0,1,0,1,0,0,0,0,0,0,0,0,0,1,0,0,0,0,0,0,0,0,0,0,0,0,0,0,0,1,0,0,0,0,0,0,0,0,0,0,0,0.69,0.0,0.0,0.0,0.0,0.0,0.72,0.0,0.0,0.0,0.0,0.0,0.0,0.0,0.0,0.0,0.0,0.0,2018.0,4.0,20.0,2018,2,26,53.0,77.5623268698061,0.0
236,236,True,0.0,3159.0,1645.0,1,0,1,1,1,0,1,0,0,0,0,0,0,0,1,1,0,1,0,0,0,1,0,0,0,0,0,0,0,0,0,0,0,0,0,0,0,0,0,0,0,0,0.34,0.0,0.26,0.0,0.27,0.0,0.18,0.44,0.26,0.24,0.22,0.0,0.47,0.27,0.0,0.0,0.0,0.23,2017.0,10.0,28.0,2016,11,8,354.0,65.75770191507078,28.98333333333333
237,237,False,6800.0,1656.0,300.0,1,0,1,1,0,1,0,0,0,0,0,0,0,0,1,0,1,0,0,0,1,1,0,0,0,0,0,0,0,0,0,0,0,0,0,0,0,0,1,0,0,0,0.22,0.24,0.0,0.35,0.35,0.25,0.23,0.0,0.0,0.0,0.0,0.28,0.3,0.35,0.25,0.28,0.32,0.0,2019.0,6.0,21.0,2015,8,20,1401.0,84.66257668711657,0.0
238,238,False,6800.0,22228.0,2682.0,0,0,1,0,0,1,1,0,0,0,0,0,0,0,1,0,0,0,0,0,1,0,0,0,0,0,0,0,0,0,0,0,0,0,0,0,0,0,0,0,0,0,0.0,0.0,0.0,0.0,0.0,0.0,0.4,0.0,0.0,0.53,0.0,0.0,0.0,0.0,0.0,0.0,0.55,0.51,2018.0,1.0,3.0,2014,2,18,1415.0,89.23323966278603,0.65
239,239,False,3100.0,50.0,5.0,1,0,1,0,0,0,0,0,0,0,0,0,0,0,1,1,1,0,0,0,1,0,0,0,0,0,0,0,0,0,0,0,0,0,0,0,0,0,0,0,0,0,0.0,0.0,0.0,0.0,0.0,0.0,1.0,0.0,0.0,0.0,0.0,0.0,0.0,0.0,0.0,0.0,0.0,0.0,2018.0,4.0,21.0,2017,3,14,403.0,90.9090909090909,0.0
240,240,False,10000.0,1159.0,121.0,1,0,1,0,0,0,0,0,0,0,0,0,0,0,1,1,1,0,0,0,1,0,0,0,0,0,0,0,0,0,0,0,0,0,0,0,0,0,0,0,0,0,0.0,0.0,0.0,0.67,0.0,0.0,0.0,0.0,0.0,0.0,0.0,0.53,0.0,0.0,0.0,0.53,0.0,0.0,2016.0,11.0,9.0,2013,8,29,1168.0,90.546875,0.21666666666666667
241,241,False,8800.0,3360.0,615.0,0,0,1,0,0,1,1,0,0,0,0,0,0,0,1,1,1,0,0,1,1,1,0,1,0,0,0,0,1,1,0,0,0,0,0,0,0,1,1,0,0,0,0.0,0.0,0.0,0.59,0.0,0.0,0.38,0.47,0.0,0.0,0.0,0.0,0.0,0.0,0.0,0.0,0.54,0.0,2019.0,5.0,18.0,2015,4,2,1507.0,84.52830188679246,0.0
242,242,False,3600.0,1147.0,122.0,0,0,1,0,0,1,0,0,0,0,0,0,0,0,1,0,0,0,0,0,0,0,0,0,0,0,0,0,0,0,0,0,0,0,0,0,0,0,0,0,0,0,0.0,0.28,0.0,0.0,0.41,0.29,0.27,0.0,0.0,0.0,0.0,0.32,0.0,0.41,0.29,0.32,0.38,0.0,2018.0,6.0,21.0,2006,8,23,4320.0,90.38613081166272,0.0
243,243,False,9000.0,10303.0,1437.0,1,0,1,0,1,0,0,0,0,1,0,0,1,1,1,0,1,0,1,0,1,0,0,0,0,0,0,0,0,0,0,0,0,0,0,0,0,0,0,0,0,0,0.32,0.35,0.0,0.0,0.0,0.0,0.33,0.41,0.0,0.0,0.42,0.4,0.0,0.0,0.0,0.4,0.0,0.0,2018.0,3.0,28.0,2017,4,24,338.0,87.75979557069846,0.0
244,244,False,5900.0,11989.0,738.0,0,0,0,1,0,0,0,0,0,0,0,0,0,0,1,0,1,0,0,0,0,0,0,0,0,0,0,0,0,0,0,0,0,0,0,0,0,0,0,0,0,0,0.36,0.2,0.0,0.28,0.0,0.2,0.0,0.0,0.0,0.25,0.46,0.22,0.49,0.0,0.2,0.22,0.0,0.24,2018.0,1.0,9.0,2009,6,16,3129.0,94.20130431366387,9.016666666666667
245,245,False,26800.0,6414.0,437.0,0,0,0,1,1,0,0,0,0,0,0,0,0,0,1,1,1,0,1,0,1,0,0,0,0,0,1,0,0,0,0,0,1,1,1,0,0,0,0,0,0,0,0.3,0.0,0.46,0.24,0.0,0.17,0.0,0.19,0.46,0.21,0.0,0.19,0.42,0.0,0.17,0.19,0.0,0.21,2018.0,6.0,12.0,2017,1,26,502.0,93.62136914319078,0.25
246,246,False,3600.0,1796.0,264.0,0,0,0,1,0,0,0,0,0,0,0,0,0,0,1,0,0,0,0,0,0,0,0,0,0,0,0,0,0,0,0,0,0,0,0,0,0,0,0,0,0,0,0.49,0.18,0.0,0.52,0.0,0.0,0.0,0.21,0.0,0.23,0.21,0.0,0.45,0.0,0.0,0.0,0.24,0.22,2018.0,2.0,28.0,2009,6,24,3171.0,87.18446601941747,0.0
247,247,False,6400.0,2460.0,1175.0,0,0,0,0,1,0,0,0,0,0,0,0,0,0,1,0,1,1,0,1,1,0,0,1,0,0,0,1,0,0,0,0,0,0,0,0,0,0,0,0,0,0,0.31,0.34,0.0,0.0,0.49,0.0,0.0,0.39,0.0,0.0,0.4,0.0,0.0,0.49,0.0,0.0,0.0,0.0,2018.0,6.0,21.0,2011,6,9,2569.0,67.67537826685007,0.0
248,248,False,13500.0,9066.0,562.0,1,0,0,0,1,0,0,0,0,0,0,0,0,0,1,1,1,0,1,0,1,0,0,1,0,0,0,0,0,0,0,0,0,0,0,0,0,0,0,0,0,0,0.51,0.28,0.0,0.41,0.0,0.29,0.0,0.0,0.0,0.0,0.33,0.32,0.0,0.0,0.29,0.32,0.0,0.0,2019.0,5.0,16.0,2013,1,24,2303.0,94.16285832987121,0.0
249,249,False,3400.0,42.0,58.0,1,1,0,0,1,0,0,0,0,0,0,0,0,0,1,0,0,1,0,0,0,0,0,0,0,0,0,0,0,0,0,0,0,0,0,0,0,0,0,0,0,0,0.41,0.0,0.0,0.0,0.65,0.0,0.0,0.0,0.0,0.0,0.0,0.0,0.0,0.65,0.0,0.0,0.0,0.0,2017.0,12.0,1.0,2017,2,16,288.0,42.0,0.16666666666666666
250,250,False,1900.0,83914.0,2141.0,0,0,0,0,0,0,0,0,0,0,0,0,0,0,0,1,0,0,0,0,1,1,0,0,0,0,0,0,0,0,0,0,0,0,0,0,0,0,1,0,0,0,0.69,0.0,0.0,0.0,0.0,0.0,0.72,0.0,0.0,0.0,0.0,0.0,0.0,0.0,0.0,0.0,0.0,0.0,2019.0,5.0,26.0,2018,11,16,191.0,97.51205624310035,5.116666666666666
251,251,False,6800.0,6224.0,616.0,0,0,1,1,1,0,0,0,0,0,0,0,0,0,1,1,1,0,1,0,1,0,0,1,0,0,0,0,0,0,0,0,0,0,0,0,0,0,0,0,0,0,0.44,0.25,0.0,0.35,0.0,0.0,0.23,0.0,0.0,0.0,0.29,0.0,0.61,0.0,0.0,0.0,0.33,0.0,2016.0,10.0,14.0,2015,2,17,605.0,90.99415204678363,4.55
252,252,False,4700.0,175.0,25.0,1,1,1,0,1,0,0,0,0,0,0,0,0,0,1,1,0,0,0,0,1,0,0,0,0,0,0,0,0,0,0,0,0,0,0,0,0,0,0,0,0,0,0.31,0.0,0.0,0.5,0.0,0.35,0.33,0.0,0.0,0.0,0.0,0.39,0.0,0.0,0.35,0.39,0.0,0.0,2018.0,3.0,17.0,2017,8,8,221.0,87.5,3.1166666666666667
253,253,False,4800.0,3697.0,218.0,1,0,1,0,1,0,0,0,0,0,0,0,0,0,1,1,0,0,1,0,1,0,0,0,0,0,0,0,0,0,0,0,0,0,0,0,0,0,0,0,0,0,0.27,0.3,0.0,0.0,0.42,0.3,0.28,0.0,0.0,0.0,0.0,0.34,0.0,0.42,0.3,0.34,0.0,0.0,2017.0,6.0,28.0,2013,5,30,1490.0,94.43167305236271,0.0
254,254,False,3100.0,922.0,243.0,1,0,1,0,0,0,0,0,0,0,0,0,0,0,1,0,1,0,0,0,1,0,0,0,0,0,0,0,0,0,0,0,0,0,0,0,0,0,0,0,0,0,0.0,0.34,0.0,0.49,0.0,0.34,0.32,0.0,0.0,0.0,0.0,0.39,0.0,0.0,0.34,0.39,0.0,0.0,2018.0,12.0,21.0,2012,4,16,2440.0,79.14163090128756,0.0
255,255,False,4800.0,14164.0,537.0,0,0,1,1,1,0,0,0,0,0,0,0,0,0,1,1,1,0,1,0,1,1,1,1,0,1,0,0,0,0,0,0,0,0,0,0,0,1,1,0,0,0,0.19,0.0,0.58,0.31,0.0,0.21,0.2,0.0,0.58,0.0,0.0,0.0,0.26,0.0,0.21,0.0,0.0,0.0,2016.0,9.0,20.0,2015,4,23,516.0,96.34718726617237,0.4166666666666667
256,256,False,6800.0,5002.0,703.0,0,0,0,0,1,0,0,0,0,0,0,0,0,0,1,0,1,1,0,0,1,0,0,1,0,0,0,0,0,0,0,0,0,0,0,0,0,0,0,0,0,0,0.25,0.28,0.0,0.0,0.4,0.0,0.0,0.32,0.0,0.0,0.33,0.32,0.0,0.4,0.0,0.32,0.0,0.34,2019.0,7.0,27.0,2015,5,4,1545.0,87.67747589833479,0.0
257,257,False,5900.0,901.0,365.0,0,0,1,1,1,0,0,0,0,0,0,0,0,0,1,1,0,0,1,1,1,0,1,0,0,0,0,0,0,0,0,0,0,0,0,0,0,0,0,0,0,0,0.47,0.26,0.0,0.0,0.0,0.26,0.25,0.3,0.0,0.33,0.31,0.0,0.33,0.0,0.26,0.0,0.0,0.32,2017.0,10.0,19.0,2016,8,22,423.0,71.16903633491312,0.016666666666666666
258,258,False,6800.0,2682.0,415.0,0,0,0,1,0,1,0,0,0,0,0,0,0,0,1,1,1,0,0,1,1,0,1,0,0,0,0,0,0,1,0,0,0,0,0,0,0,1,0,0,0,0,0.0,0.26,0.0,0.37,0.0,0.0,0.0,0.3,0.0,0.0,0.0,0.29,0.64,0.0,0.0,0.29,0.34,0.0,2017.0,2.0,23.0,2013,11,15,1196.0,86.59993542137553,2.716666666666667
259,259,False,8800.0,2816.0,251.0,1,0,0,0,1,0,0,0,0,0,0,0,0,0,1,0,0,0,0,0,0,0,0,0,0,0,1,0,0,0,0,0,0,0,0,0,0,0,0,0,0,0,0.21,0.0,0.63,0.0,0.0,0.23,0.0,0.26,0.63,0.0,0.0,0.0,0.0,0.0,0.23,0.0,0.0,0.0,2018.0,3.0,22.0,2013,8,29,1666.0,91.81610694489729,0.03333333333333333
260,260,False,3800.0,3175.0,335.0,1,0,1,0,0,0,0,0,0,0,0,0,0,0,1,1,1,0,1,0,1,0,0,0,0,0,0,0,0,0,0,0,0,0,0,0,0,0,0,0,0,0,0.0,0.32,0.0,0.46,0.0,0.32,0.3,0.0,0.0,0.0,0.37,0.36,0.0,0.0,0.32,0.36,0.0,0.0,2017.0,12.0,8.0,2013,11,15,1484.0,90.45584045584046,3.1666666666666665
261,261,False,11200.0,970.0,357.0,0,0,0,1,1,1,0,0,0,0,0,0,0,0,1,1,1,0,0,1,1,0,0,1,0,0,0,0,0,0,0,0,0,0,0,0,0,0,0,0,0,0,0.23,0.0,0.34,0.36,0.0,0.25,0.0,0.29,0.34,0.0,0.0,0.28,0.31,0.0,0.25,0.29,0.33,0.0,2019.0,5.0,3.0,2013,8,6,2096.0,73.09721175584023,0.0
262,262,False,6800.0,2418.0,384.0,1,0,0,0,0,0,0,0,0,0,0,0,0,0,1,1,1,0,1,0,1,0,0,0,0,0,0,0,0,0,0,0,0,0,0,0,0,0,0,0,0,0,0.0,0.3,0.0,0.0,0.43,0.3,0.0,0.0,0.0,0.0,0.35,0.34,0.0,0.43,0.3,0.34,0.0,0.0,2018.0,9.0,6.0,2016,8,30,737.0,86.29550321199143,0.0
263,263,False,19900.0,29827.0,12856.0,0,0,0,0,0,1,0,0,0,0,0,0,0,0,1,1,0,0,0,1,1,1,0,0,0,0,0,0,0,0,0,0,0,1,0,0,0,0,0,0,0,0,0.0,0.17,0.46,0.0,0.0,0.17,0.0,0.19,0.46,0.0,0.0,0.0,0.0,0.0,0.17,0.0,0.67,0.0,2019.0,2.0,13.0,2016,10,20,846.0,69.88028020523393,1.0166666666666666
264,264,False,6800.0,800.0,68.0,0,0,1,0,1,1,0,0,0,0,0,0,0,0,1,1,1,0,1,0,1,1,1,1,0,1,1,0,0,0,0,0,0,0,0,0,0,0,1,0,0,0,0.19,0.0,0.58,0.0,0.3,0.0,0.2,0.0,0.58,0.0,0.0,0.0,0.0,0.3,0.0,0.0,0.28,0.0,2018.0,9.0,1.0,2017,8,30,367.0,92.16589861751152,0.0
265,265,False,3600.0,16165.0,1121.0,0,0,1,1,1,0,0,0,0,0,0,0,0,0,1,1,0,1,0,1,1,0,1,0,0,0,1,0,0,0,0,0,0,0,0,0,0,0,0,0,0,0,0.14,0.0,0.62,0.0,0.21,0.15,0.14,0.17,0.62,0.0,0.0,0.0,0.19,0.21,0.15,0.0,0.0,0.0,2017.0,6.0,28.0,2013,11,8,1328.0,93.51498322341779,0.1
266,266,True,0.0,61.0,7.0,0,0,1,0,1,0,0,0,0,0,1,0,0,0,0,0,0,0,0,1,0,0,0,0,0,0,0,0,1,1,0,0,0,0,0,0,0,0,1,0,0,0,0.18,0.0,0.56,0.0,0.0,0.0,0.19,0.47,0.56,0.0,0.0,0.0,0.0,0.0,0.0,0.0,0.27,0.0,2015.0,9.0,12.0,2015,8,24,19.0,89.70588235294117,5.116666666666666
267,267,False,8800.0,1337.0,383.0,1,0,1,0,0,0,0,0,0,0,0,0,0,0,1,1,1,1,0,0,1,0,0,0,0,0,0,0,0,0,0,0,0,0,0,0,0,0,0,0,0,0,0.0,0.28,0.0,0.0,0.4,0.0,0.26,0.0,0.0,0.35,0.33,0.31,0.0,0.4,0.0,0.32,0.0,0.34,2017.0,10.0,25.0,2016,8,24,427.0,77.73255813953487,0.13333333333333333
268,268,False,6800.0,10999.0,546.0,1,0,1,0,0,0,0,0,0,0,0,0,0,0,1,1,1,0,1,0,1,0,0,0,0,0,0,0,0,0,0,0,0,0,0,0,0,0,0,0,0,0,0.0,0.36,0.0,0.0,0.0,0.36,0.34,0.0,0.0,0.0,0.42,0.4,0.0,0.0,0.36,0.41,0.0,0.0,2017.0,12.0,8.0,2017,4,24,228.0,95.27067994802945,0.9166666666666666
269,269,False,9800.0,440902.0,436046.0,1,0,0,0,1,0,0,0,1,0,0,0,0,0,0,0,0,0,0,1,0,0,0,0,0,0,0,1,1,0,0,0,0,0,0,0,0,0,0,0,0,0,0.16,0.0,0.49,0.0,0.0,0.0,0.0,0.21,0.49,0.0,0.63,0.0,0.0,0.0,0.0,0.0,0.24,0.0,2017.0,8.0,6.0,2017,12,21,-137.0,50.27686932406482,78.7
270,270,False,10300.0,36004.0,820.0,0,0,1,0,0,1,1,0,0,0,0,0,0,0,1,0,1,0,0,0,0,1,0,0,0,0,0,0,0,0,0,0,0,0,0,0,0,0,0,0,0,0,0.24,0.27,0.0,0.0,0.39,0.27,0.26,0.0,0.0,0.34,0.0,0.0,0.0,0.39,0.27,0.0,0.36,0.33,2017.0,10.0,2.0,2018,10,17,-380.0,97.77319139691507,1.7666666666666666
271,271,False,13800.0,204.0,6.0,1,0,0,0,0,0,0,0,0,0,0,0,0,0,1,1,1,0,1,0,1,0,0,0,0,0,0,0,0,0,0,0,0,0,0,0,0,0,0,0,0,0,0.0,0.0,0.0,0.0,0.0,0.47,0.0,0.0,0.0,0.0,0.0,0.53,0.0,0.0,0.47,0.53,0.0,0.0,2019.0,8.0,11.0,2018,9,4,341.0,97.14285714285714,0.0
272,272,False,2200.0,3567.0,563.0,0,0,1,0,0,1,1,0,0,0,0,0,0,0,1,1,1,0,1,0,1,0,0,0,0,0,0,0,0,0,0,0,0,0,0,0,0,0,0,0,0,0,0.35,0.39,0.0,0.0,0.0,0.4,0.37,0.0,0.0,0.0,0.0,0.0,0.0,0.0,0.4,0.0,0.52,0.0,2017.0,4.0,11.0,2015,10,21,538.0,86.3680387409201,0.0
273,273,False,3200.0,181.0,99.0,0,0,1,0,0,1,0,0,0,0,0,0,0,0,1,1,1,0,0,0,1,0,0,0,0,0,0,0,0,0,0,0,0,0,0,0,0,0,0,0,0,0,0.0,0.0,0.0,0.0,0.0,0.0,0.31,0.0,0.0,0.0,0.0,0.0,0.0,0.0,0.0,0.0,0.86,0.4,2018.0,8.0,6.0,2018,5,11,87.0,64.64285714285715,0.0
274,274,False,1500.0,1832.0,82.0,1,0,1,0,0,0,0,0,0,0,0,0,0,0,1,1,0,0,0,0,1,0,0,0,0,0,0,0,0,0,0,0,0,0,0,0,0,0,0,0,0,0,0.0,0.47,0.0,0.0,0.0,0.0,0.45,0.0,0.0,0.0,0.0,0.54,0.0,0.0,0.0,0.54,0.0,0.0,2018.0,4.0,24.0,2016,10,20,551.0,95.71577847439916,0.0
275,275,False,2400.0,75828.0,2911.0,1,0,1,0,0,0,1,0,0,0,0,0,0,0,1,1,0,0,1,1,0,1,1,0,0,0,0,0,0,1,0,0,0,0,0,0,0,0,0,0,0,0,0.18,0.2,0.56,0.0,0.0,0.0,0.19,0.24,0.56,0.26,0.0,0.0,0.0,0.0,0.0,0.0,0.27,0.25,2017.0,1.0,15.0,2016,4,21,269.0,96.30297565374211,113.8
276,276,False,4800.0,6607.0,1674.0,1,0,1,0,1,0,0,0,0,0,0,0,0,0,1,1,1,0,1,0,1,0,0,0,0,0,0,0,0,0,0,0,0,0,0,0,0,0,0,0,0,0,0.33,0.37,0.0,0.0,0.0,0.37,0.35,0.0,0.0,0.0,0.0,0.42,0.0,0.0,0.37,0.42,0.0,0.0,2017.0,6.0,28.0,2012,10,25,1707.0,79.78505011472045,1.35
277,277,False,1100.0,39.0,9.0,0,1,1,0,0,0,0,0,0,0,0,0,0,0,1,0,0,0,0,0,0,0,0,0,0,0,0,0,0,0,0,0,0,0,0,0,0,0,0,0,0,0,0.0,0.0,0.0,0.0,0.0,0.0,1.0,0.0,0.0,0.0,0.0,0.0,0.0,0.0,0.0,0.0,0.0,0.0,2018.0,3.0,28.0,2017,12,17,101.0,81.25,0.0
278,278,False,19000.0,21211.0,4645.0,0,0,0,0,0,1,0,0,0,0,0,0,0,0,1,1,1,0,0,1,1,1,0,0,0,0,0,0,0,1,0,0,0,0,0,0,0,0,0,0,0,0,0.19,0.22,0.29,0.0,0.31,0.22,0.0,0.25,0.29,0.0,0.0,0.0,0.27,0.31,0.22,0.0,0.57,0.0,2019.0,8.0,7.0,2016,2,4,1280.0,82.03511757425743,0.0
279,279,False,10000.0,2470.0,316.0,0,0,0,0,1,0,0,0,0,0,0,0,0,0,1,1,1,0,1,0,1,0,0,0,0,0,0,0,0,0,0,0,0,0,0,0,0,0,0,0,0,0,0.43,0.0,0.0,0.0,0.34,0.24,0.0,0.0,0.0,0.0,0.56,0.27,0.0,0.34,0.24,0.27,0.0,0.0,2018.0,10.0,29.0,2017,5,25,522.0,88.6575735821967,0.0
280,280,False,5900.0,4736.0,661.0,0,0,1,0,1,0,0,0,0,0,0,0,0,0,1,1,0,0,0,1,1,1,1,0,1,0,0,0,1,1,0,0,0,0,0,0,0,0,0,0,0,0,0.22,0.0,0.33,0.0,0.0,0.0,0.23,0.56,0.33,0.3,0.0,0.0,0.3,0.0,0.0,0.0,0.32,0.3,2017.0,1.0,23.0,2015,4,2,662.0,87.75245506763017,1.3666666666666667
281,281,False,9900.0,1686.0,326.0,0,1,1,1,0,0,1,0,0,0,0,0,0,0,1,1,1,0,1,0,1,0,0,0,0,0,0,1,0,0,0,0,0,0,0,0,0,1,0,0,0,0,0.0,0.34,0.0,0.0,0.0,0.34,0.32,0.0,0.0,0.43,0.0,0.0,0.43,0.0,0.34,0.0,0.0,0.42,2018.0,3.0,22.0,2017,4,21,335.0,83.7972166998012,0.2333333333333333
282,282,False,6800.0,21158.0,16764.0,0,0,0,0,1,0,0,0,0,0,0,0,0,0,1,1,0,1,0,0,0,0,1,0,1,0,0,0,1,0,0,0,0,0,0,0,0,0,0,1,0,0,0.17,0.19,0.52,0.28,0.0,0.0,0.0,0.22,0.52,0.0,0.22,0.22,0.24,0.0,0.0,0.22,0.25,0.0,2018.0,8.0,25.0,2017,2,13,558.0,55.79347080850167,0.0
283,283,True,0.0,82806.0,65127.0,1,0,0,0,1,0,0,0,1,0,1,0,0,0,0,0,0,0,0,1,0,0,0,0,0,0,0,0,1,0,0,0,0,0,0,0,0,0,0,1,0,0,0.17,0.0,0.5,0.0,0.0,0.0,0.0,0.42,0.5,0.23,0.43,0.0,0.0,0.0,0.0,0.0,0.0,0.22,2017.0,8.0,11.0,2018,2,28,-201.0,55.975340187787715,1.0833333333333333
284,284,False,3700.0,3775.0,413.0,1,0,1,0,0,0,1,0,0,0,0,0,0,0,1,1,0,0,0,0,1,0,0,0,0,0,0,0,0,0,0,0,0,0,0,0,0,0,0,0,0,0,0.0,0.0,0.0,0.0,0.0,0.0,0.51,0.0,0.0,0.0,0.0,0.61,0.0,0.0,0.0,0.61,0.0,0.0,2017.0,9.0,23.0,2015,6,24,822.0,90.13849092645654,0.0
285,285,False,6200.0,1171.0,187.0,0,0,1,0,1,0,0,0,0,0,0,0,0,0,1,0,1,0,0,0,1,0,0,1,0,0,0,0,0,0,0,0,0,0,0,0,0,0,0,0,0,0,0.28,0.31,0.0,0.0,0.45,0.32,0.3,0.0,0.0,0.0,0.37,0.0,0.0,0.45,0.32,0.0,0.0,0.0,2017.0,6.0,28.0,2014,10,17,985.0,86.22974963181149,0.7333333333333333
286,286,False,3600.0,98.0,137.0,0,0,0,0,0,1,0,0,0,0,0,0,0,0,1,1,1,0,0,0,0,0,0,0,0,0,0,0,0,0,0,0,0,0,0,0,0,0,0,0,0,0,0.0,0.0,0.0,0.74,0.0,0.0,0.0,0.0,0.0,0.0,0.0,0.0,0.0,0.0,0.0,0.0,0.68,0.0,2018.0,6.0,12.0,2011,6,14,2555.0,41.702127659574465,0.0
287,287,False,3900.0,1697.0,116.0,1,1,1,0,0,0,0,0,0,0,0,0,0,0,1,1,1,0,0,0,1,0,0,0,0,0,0,0,0,0,0,0,0,0,0,0,0,0,0,0,0,0,0.0,0.26,0.0,0.75,0.0,0.26,0.25,0.0,0.0,0.0,0.0,0.29,0.0,0.0,0.26,0.3,0.0,0.0,2018.0,11.0,18.0,2015,3,4,1355.0,93.60176503033645,0.2833333333333333
288,288,False,6400.0,15087.0,932.0,0,0,0,1,1,0,0,0,0,0,0,0,0,0,1,0,0,1,0,0,0,0,0,0,0,0,0,0,0,0,0,0,0,0,0,0,0,0,0,0,0,0,0.25,0.27,0.0,0.0,0.39,0.28,0.0,0.0,0.0,0.0,0.32,0.31,0.34,0.39,0.28,0.31,0.0,0.0,2018.0,3.0,28.0,2007,8,21,3872.0,94.18190898308258,0.0
289,289,False,16800.0,2217.0,1243.0,0,0,0,0,0,1,1,0,0,0,0,0,0,0,1,1,0,0,0,0,1,0,0,0,0,0,0,0,0,0,0,0,0,0,0,0,0,0,0,0,0,0,0.0,0.0,0.0,0.0,0.47,0.33,0.0,0.38,0.0,0.0,0.0,0.0,0.0,0.47,0.33,0.0,0.44,0.0,2018.0,3.0,22.0,2015,11,2,871.0,64.07514450867052,0.0
290,290,False,3700.0,3878.0,332.0,1,0,1,0,0,0,1,0,0,0,0,0,0,0,1,1,1,0,0,0,1,0,0,0,0,0,0,0,0,0,0,0,0,0,0,0,0,0,0,0,0,0,0.0,0.39,0.0,0.0,0.0,0.4,0.37,0.0,0.0,0.0,0.0,0.44,0.0,0.0,0.4,0.45,0.0,0.0,2017.0,12.0,8.0,2016,10,27,407.0,92.11401425178147,0.6166666666666667
291,291,False,4800.0,10809.0,2301.0,1,0,0,1,1,0,0,0,0,0,0,0,0,0,1,1,1,0,1,1,1,0,1,1,0,0,1,0,0,0,0,0,0,0,0,0,0,0,0,0,0,0,0.14,0.0,0.63,0.0,0.0,0.0,0.14,0.18,0.63,0.19,0.18,0.0,0.19,0.0,0.0,0.0,0.0,0.19,2018.0,2.0,16.0,2014,8,29,1267.0,82.44851258581237,0.0
292,292,False,2999.0,1186.0,330.0,0,0,1,0,0,1,1,0,0,0,0,0,0,0,1,1,1,0,0,1,1,0,1,0,1,0,0,1,1,0,0,0,0,0,0,0,0,0,0,0,0,0,0.24,0.0,0.36,0.0,0.37,0.26,0.25,0.3,0.36,0.0,0.0,0.0,0.0,0.37,0.26,0.0,0.35,0.0,2018.0,5.0,5.0,2016,11,10,541.0,78.23218997361478,0.0
293,293,False,3400.0,213.0,44.0,1,1,1,0,0,0,1,0,0,0,0,0,0,0,1,1,0,0,0,0,1,0,0,0,0,0,0,0,0,0,0,0,0,0,0,0,0,0,0,0,0,0,0.0,0.0,0.0,0.0,0.0,0.0,1.0,0.0,0.0,0.0,0.0,0.0,0.0,0.0,0.0,0.0,0.0,0.0,2019.0,2.0,14.0,2017,5,19,636.0,82.87937743190662,0.0
294,294,True,0.0,6913.0,800.0,1,1,1,0,1,0,0,0,0,0,1,0,0,0,1,1,1,0,0,0,1,1,1,0,1,0,0,1,1,0,0,0,0,0,0,1,0,0,1,1,1,0,0.22,0.25,0.34,0.0,0.0,0.0,0.23,0.57,0.34,0.31,0.29,0.0,0.0,0.0,0.0,0.0,0.0,0.3,2018.0,1.0,19.0,2017,7,7,196.0,89.62790094645405,0.26666666666666666
295,295,False,8800.0,41426.0,5190.0,1,0,0,0,1,0,0,0,0,0,0,0,0,0,1,0,0,1,0,1,0,0,1,0,0,0,0,0,0,0,0,0,0,0,0,0,0,0,0,0,0,0,0.18,0.2,0.55,0.0,0.0,0.0,0.0,0.23,0.55,0.25,0.23,0.23,0.0,0.0,0.0,0.23,0.0,0.24,2017.0,3.0,3.0,2012,11,28,1556.0,88.86648361077741,2.6
296,296,False,6900.0,2129.0,1013.0,1,0,1,1,1,0,1,0,1,0,0,1,0,0,0,1,0,1,0,1,1,0,1,0,1,0,0,1,1,0,0,0,0,0,0,0,0,0,0,0,0,1,0.24,0.26,0.0,0.0,0.0,0.26,0.25,0.6,0.0,0.33,0.0,0.0,0.33,0.0,0.26,0.0,0.0,0.32,2019.0,2.0,12.0,2016,6,9,978.0,67.75938892425208,2.4833333333333334
297,297,False,7900.0,1326.0,139.0,1,0,1,0,0,0,0,0,0,0,0,0,0,0,1,1,1,0,0,0,1,0,0,0,0,0,0,0,0,0,0,0,0,0,0,0,0,0,0,0,0,0,0.0,0.0,0.0,0.0,0.0,0.59,0.55,0.0,0.0,0.0,0.0,0.0,0.0,0.0,0.59,0.0,0.0,0.0,2016.0,11.0,9.0,2012,10,16,1485.0,90.51194539249147,0.0
298,298,False,6800.0,4257.0,756.0,1,0,0,1,1,0,0,0,0,0,0,0,0,0,1,1,1,0,1,0,1,0,0,0,0,0,0,0,0,0,0,0,0,0,0,0,0,0,0,0,0,0,0.21,0.0,0.0,0.66,0.0,0.0,0.0,0.26,0.0,0.29,0.27,0.26,0.29,0.0,0.0,0.26,0.0,0.28,2018.0,1.0,30.0,2016,11,29,427.0,84.91921005385996,0.0
299,299,False,8800.0,114.0,29.0,0,0,0,0,0,1,0,0,0,0,0,0,0,0,1,0,1,0,0,0,0,0,0,0,0,0,0,0,0,0,0,0,0,0,0,0,0,0,0,0,0,0,0.0,0.0,0.0,0.0,0.0,0.0,0.0,0.0,0.0,0.0,0.0,0.0,0.0,0.0,0.0,0.0,1.0,0.0,2018.0,7.0,22.0,2017,12,5,229.0,79.72027972027972,2.8833333333333333
300,300,False,4900.0,978.0,155.0,1,0,1,1,1,1,1,0,0,0,0,0,0,0,1,1,1,1,0,0,1,0,0,0,0,0,0,0,0,0,0,0,0,0,0,0,0,0,0,0,0,0,0.34,0.0,0.0,0.54,0.0,0.0,0.36,0.0,0.0,0.0,0.0,0.0,0.47,0.0,0.0,0.0,0.5,0.0,2018.0,12.0,21.0,2018,2,5,319.0,86.31950573698145,0.2333333333333333
301,301,False,2100.0,201.0,52.0,1,1,0,0,1,0,1,0,0,0,0,0,0,0,1,0,0,0,1,0,1,0,0,0,0,0,0,0,0,0,0,0,0,0,0,0,0,0,0,0,0,0,0.69,0.0,0.0,0.0,0.0,0.0,0.72,0.0,0.0,0.0,0.0,0.0,0.0,0.0,0.0,0.0,0.0,0.0,2018.0,9.0,1.0,2016,7,14,779.0,79.44664031620553,0.2333333333333333
302,302,False,8800.0,440.0,57.0,1,0,1,0,1,0,0,0,0,0,0,0,0,0,1,0,1,0,1,0,1,0,0,0,0,0,0,0,0,0,0,0,0,0,0,0,0,0,0,0,0,0,0.44,0.0,0.0,0.0,0.0,0.0,0.46,0.0,0.0,0.0,0.0,0.55,0.0,0.0,0.0,0.55,0.0,0.0,2018.0,5.0,16.0,2018,7,31,-76.0,88.53118712273643,0.15
303,303,False,400.0,1266.0,123.0,1,0,0,1,0,0,0,0,0,0,0,0,0,0,1,1,0,0,0,0,1,0,0,0,0,0,0,0,0,0,0,0,0,0,0,0,0,0,0,0,0,0,0.0,0.41,0.0,0.0,0.0,0.0,0.39,0.0,0.0,0.0,0.0,0.46,0.51,0.0,0.0,0.46,0.0,0.0,2017.0,12.0,14.0,2015,11,23,752.0,91.14470842332614,0.4166666666666667
304,304,False,3700.0,8255.0,622.0,0,0,1,0,0,0,1,0,0,0,0,0,0,0,1,1,1,0,0,0,1,1,0,0,0,0,0,0,0,0,0,0,0,0,0,0,0,1,1,0,0,0,0.0,0.27,0.0,0.0,0.39,0.27,0.26,0.31,0.0,0.0,0.0,0.31,0.0,0.39,0.27,0.31,0.36,0.0,2018.0,7.0,13.0,2015,8,12,1066.0,92.99312830911344,0.0
305,305,False,8000.0,565.0,161.0,0,0,0,0,1,0,1,0,1,0,0,1,0,0,0,0,0,0,0,1,0,0,1,0,1,0,0,0,1,0,0,0,0,0,0,0,0,0,0,0,0,0,0.62,0.0,0.0,0.0,0.0,0.0,0.0,0.79,0.0,0.0,0.0,0.0,0.0,0.0,0.0,0.0,0.0,0.0,2018.0,10.0,21.0,2018,10,19,2.0,77.8236914600551,0.7166666666666667
306,306,False,4800.0,125.0,32.0,0,0,1,0,1,1,0,0,0,0,0,0,0,0,1,1,1,0,1,1,1,0,1,0,0,0,0,0,0,0,0,0,0,0,0,0,0,0,0,0,0,0,0.18,0.0,0.54,0.0,0.28,0.0,0.19,0.23,0.54,0.0,0.23,0.0,0.0,0.28,0.0,0.0,0.26,0.0,2018.0,6.0,21.0,2016,2,3,869.0,79.61783439490446,0.0
307,307,False,6800.0,3361.0,969.0,1,0,0,1,1,0,0,0,0,0,0,0,0,0,1,1,1,0,1,1,1,0,1,1,0,0,1,1,0,0,0,0,1,1,1,0,0,0,0,0,0,0,0.25,0.0,0.58,0.2,0.0,0.0,0.0,0.32,0.58,0.0,0.0,0.0,0.35,0.0,0.0,0.0,0.0,0.0,2018.0,6.0,5.0,2014,9,23,1351.0,77.62124711316397,0.03333333333333333
308,308,False,11900.0,330688.0,127502.0,1,0,0,0,1,0,0,0,0,0,0,0,0,0,1,0,0,0,1,1,1,0,0,0,0,0,0,0,0,0,0,0,0,0,0,0,0,0,0,0,0,0,0.18,0.2,0.28,0.0,0.0,0.2,0.0,0.23,0.28,0.25,0.71,0.0,0.0,0.0,0.2,0.0,0.0,0.25,2018.0,6.0,22.0,2015,4,13,1166.0,72.17267945612082,22.35
309,309,False,24800.0,24088.0,4546.0,1,0,0,1,1,0,0,0,0,0,0,0,0,0,1,1,0,1,0,0,1,0,0,0,0,0,0,0,0,0,0,0,0,0,0,0,0,1,0,1,0,0,0.24,0.27,0.0,0.0,0.0,0.27,0.0,0.31,0.0,0.34,0.32,0.31,0.34,0.0,0.27,0.31,0.0,0.33,2019.0,3.0,1.0,2018,10,5,147.0,84.12376894600824,20.616666666666667
310,310,False,7800.0,41141.0,6291.0,0,0,1,1,0,1,0,0,0,0,0,0,0,0,1,1,1,1,0,0,1,0,0,0,0,0,0,0,0,0,0,0,0,0,0,0,0,0,0,0,0,0,0.0,0.27,0.0,0.78,0.0,0.0,0.26,0.0,0.0,0.0,0.0,0.0,0.34,0.0,0.0,0.0,0.36,0.0,2019.0,2.0,20.0,2016,1,19,1128.0,86.73680215888008,0.0
311,311,False,6800.0,363.0,67.0,0,0,1,1,1,1,0,0,0,0,0,0,0,0,1,0,1,0,1,0,1,0,0,0,0,0,0,0,0,0,0,0,0,0,0,0,0,0,0,0,0,0,0.63,0.0,0.0,0.34,0.0,0.0,0.22,0.0,0.0,0.0,0.0,0.0,0.58,0.0,0.0,0.0,0.31,0.0,2019.0,7.0,8.0,2016,3,29,1196.0,84.41860465116278,0.0
312,312,False,6999900.0,166310.0,5827.0,0,0,0,0,1,0,0,0,0,0,0,0,0,0,1,1,1,0,1,1,1,1,1,0,0,0,0,1,0,0,0,0,0,0,0,1,1,1,0,0,0,0,0.15,0.0,0.67,0.0,0.0,0.0,0.0,0.19,0.67,0.0,0.19,0.0,0.0,0.0,0.0,0.0,0.0,0.0,2017.0,3.0,10.0,2009,11,16,2671.0,96.61490556940112,0.16666666666666666
313,313,False,7200.0,2983.0,1438.0,1,0,1,0,1,0,0,0,0,0,0,0,0,0,1,1,1,0,1,0,1,1,1,0,0,0,1,0,0,0,0,0,0,0,0,0,0,0,1,0,0,0,0.17,0.19,0.51,0.27,0.0,0.19,0.18,0.43,0.51,0.0,0.0,0.0,0.23,0.0,0.19,0.0,0.0,0.0,2018.0,4.0,8.0,2015,8,20,962.0,67.47342230264645,0.0
314,314,False,6400.0,2557.0,2333.0,0,0,0,1,1,0,0,0,0,0,0,0,0,0,1,0,1,0,1,0,1,0,0,0,0,0,0,0,0,0,0,0,0,0,0,0,0,0,0,0,0,0,0.21,0.24,0.0,0.0,0.34,0.24,0.0,0.27,0.0,0.3,0.28,0.27,0.3,0.34,0.24,0.27,0.0,0.29,2018.0,3.0,28.0,2016,9,15,559.0,52.290388548057265,0.0
315,315,False,10000.0,1653.0,616.0,0,0,0,1,1,1,1,0,0,0,0,0,0,0,1,1,1,0,1,0,0,1,0,0,0,0,0,0,0,0,0,0,0,0,0,0,0,0,0,0,0,0,0.19,0.0,0.0,0.0,0.3,0.0,0.2,0.0,0.0,0.27,0.0,0.0,0.53,0.3,0.0,0.0,0.56,0.26,2018.0,4.0,23.0,2017,5,23,335.0,72.85147642133099,0.0
316,316,False,11200.0,2800.0,129.0,0,0,0,0,1,0,0,0,0,0,0,0,0,0,1,1,1,1,0,1,1,0,0,0,0,0,0,0,0,0,0,0,0,0,0,0,0,0,0,0,0,0,0.26,0.0,0.39,0.0,0.0,0.29,0.0,0.33,0.39,0.0,0.0,0.33,0.36,0.0,0.29,0.33,0.0,0.0,2019.0,5.0,1.0,2017,3,17,775.0,95.59576647319903,0.0
317,317,False,3600.0,1753.0,459.0,0,0,0,0,0,1,1,0,0,0,0,0,0,0,1,0,0,0,0,0,0,0,0,0,0,0,0,0,0,0,0,0,0,0,0,0,0,0,0,0,0,0,0.0,0.0,0.0,0.0,0.0,0.0,0.0,0.42,0.0,0.45,0.0,0.0,0.45,0.0,0.0,0.0,0.48,0.44,2019.0,5.0,1.0,2010,7,28,3199.0,79.249547920434,0.05
318,318,False,7000.0,4633.0,865.0,1,0,1,1,0,1,0,0,0,0,0,0,0,0,1,1,1,0,1,1,1,0,1,0,1,1,1,0,1,0,0,1,0,0,0,0,0,0,0,0,0,0,0.0,0.0,0.5,0.18,0.0,0.0,0.11,0.14,0.5,0.0,0.0,0.0,0.45,0.0,0.0,0.0,0.48,0.0,2019.0,6.0,9.0,2018,4,19,416.0,84.26700618406693,2.0166666666666666
319,319,False,2100.0,7790.0,185.0,1,0,1,0,0,0,0,0,0,0,0,0,0,0,1,1,1,0,0,0,1,0,0,0,0,0,0,0,0,0,0,0,0,0,0,0,0,0,0,0,0,0,0.0,0.36,0.0,0.0,0.0,0.36,0.34,0.0,0.0,0.0,0.42,0.4,0.0,0.0,0.36,0.41,0.0,0.0,2017.0,6.0,28.0,2016,7,5,358.0,97.68025078369907,0.8166666666666667
320,320,False,11200.0,20898.0,2062.0,0,0,0,1,0,1,1,0,0,0,0,0,0,0,1,1,0,0,0,1,0,0,0,0,0,0,0,0,0,0,0,0,0,0,0,0,0,0,0,0,0,0,0.0,0.0,0.35,0.0,0.0,0.25,0.0,0.29,0.35,0.0,0.0,0.0,0.31,0.0,0.25,0.0,0.67,0.0,2017.0,12.0,13.0,2012,2,14,2129.0,91.0191637630662,0.0
321,321,False,6800.0,177.0,4.0,1,1,1,0,1,0,1,0,0,1,0,0,0,0,1,1,0,0,0,0,1,0,0,0,0,0,0,0,0,0,0,0,0,0,0,0,0,0,0,0,0,0,0.51,0.0,0.0,0.0,0.0,0.0,0.54,0.0,0.0,0.0,0.67,0.0,0.0,0.0,0.0,0.0,0.0,0.0,2018.0,11.0,25.0,2017,8,4,478.0,97.79005524861878,0.0
322,322,True,0.0,0.0,0.0,1,0,1,1,0,1,0,0,0,0,0,0,0,0,1,0,1,1,0,0,1,0,0,0,0,0,0,0,0,0,0,0,0,0,0,0,0,1,0,0,0,0,0.0,0.24,0.0,0.0,0.34,0.0,0.23,0.0,0.0,0.3,0.0,0.0,0.3,0.34,0.0,0.0,0.63,0.29,2017.0,6.0,23.0,2014,9,18,1009.0,-1.0,1.3666666666666667
323,323,False,9800.0,1306.0,258.0,1,0,0,1,0,0,0,0,0,0,0,0,0,0,1,1,1,0,1,0,1,0,0,0,0,0,0,0,0,0,0,0,0,0,0,0,0,0,0,0,0,0,0.0,0.44,0.0,0.0,0.0,0.0,0.0,0.0,0.0,0.0,0.0,0.5,0.55,0.0,0.0,0.5,0.0,0.0,2018.0,11.0,21.0,2018,3,13,253.0,83.50383631713555,1.2666666666666666
324,324,False,3800.0,2099.0,87.0,0,0,0,0,0,1,1,0,0,0,0,0,0,0,1,1,1,0,0,0,1,1,0,0,0,0,0,0,0,0,0,0,0,0,0,0,0,0,1,0,0,0,0.0,0.0,0.0,0.0,0.0,0.0,0.0,0.0,0.0,0.0,0.0,0.0,0.0,0.0,0.0,0.0,1.0,0.0,2017.0,11.0,5.0,2016,10,18,383.0,96.02012808783165,0.2833333333333333
325,325,False,9000.0,15327.0,949.0,0,0,1,0,0,0,0,0,0,0,0,0,0,0,1,0,0,0,0,0,0,0,0,1,0,0,0,0,0,0,0,0,0,0,0,0,0,0,0,0,0,0,0.35,0.0,0.0,0.0,0.0,0.4,0.37,0.45,0.0,0.0,0.46,0.0,0.0,0.0,0.4,0.0,0.0,0.0,2018.0,5.0,1.0,2019,5,21,-385.0,94.16932907348243,3.15
326,326,False,3600.0,331.0,127.0,0,0,0,0,1,0,0,0,0,0,0,0,0,0,1,0,0,0,1,1,1,0,0,1,0,0,1,1,0,0,0,0,0,0,0,0,0,0,0,0,0,0,0.14,0.0,0.62,0.22,0.0,0.0,0.14,0.35,0.62,0.0,0.0,0.0,0.19,0.0,0.0,0.0,0.0,0.0,2017.0,4.0,4.0,2013,4,16,1449.0,72.27074235807859,0.0
327,327,False,4800.0,845.0,333.0,0,0,0,1,0,0,0,0,0,0,0,0,0,0,1,0,0,0,0,0,0,0,0,0,0,0,0,0,0,0,0,0,0,0,0,0,0,0,0,0,0,0,0.35,0.19,0.26,0.56,0.0,0.0,0.0,0.22,0.26,0.24,0.0,0.0,0.48,0.0,0.0,0.0,0.0,0.24,2017.0,4.0,4.0,2012,12,21,1565.0,71.73174872665535,0.0
328,328,False,1800.0,1688.0,233.0,1,0,1,1,0,0,0,0,0,0,0,0,0,0,1,1,1,0,0,0,1,0,0,0,0,0,0,0,0,0,0,0,0,0,0,0,0,0,0,0,0,0,0.0,0.0,0.0,0.0,0.0,0.0,0.42,0.0,0.0,0.0,0.0,0.51,0.56,0.0,0.0,0.51,0.0,0.0,2018.0,3.0,15.0,2014,7,10,1344.0,87.87090057261842,0.0
329,329,False,24800.0,251.0,35.0,1,0,0,0,1,0,0,0,0,0,0,0,0,0,1,1,1,1,0,0,1,0,0,0,0,0,0,1,0,0,0,0,0,0,0,0,0,0,0,0,0,0,0.26,0.0,0.0,0.0,0.41,0.0,0.0,0.0,0.0,0.36,0.34,0.33,0.0,0.41,0.0,0.33,0.0,0.35,2018.0,10.0,30.0,2017,11,14,350.0,87.76223776223776,2.3833333333333333
330,330,False,6800.0,378.0,42.0,0,0,0,0,1,0,0,0,0,0,0,0,0,0,1,0,1,0,1,0,1,0,0,0,0,0,0,0,0,0,0,0,0,0,0,0,0,1,0,0,0,0,0.34,0.0,0.0,0.0,0.54,0.38,0.0,0.0,0.0,0.0,0.0,0.0,0.0,0.54,0.38,0.0,0.0,0.0,2018.0,5.0,9.0,2016,7,25,653.0,90.0,0.0
331,331,False,8800.0,15943.0,296.0,1,0,1,0,0,0,0,0,0,0,0,0,0,0,1,1,1,0,1,0,1,1,1,0,0,1,1,1,0,0,0,0,0,0,0,0,0,1,1,0,0,0,0.25,0.28,0.38,0.0,0.0,0.28,0.26,0.0,0.38,0.35,0.33,0.0,0.0,0.0,0.28,0.0,0.0,0.34,2019.0,6.0,28.0,2017,10,5,631.0,98.17722766180184,2.533333333333333
332,332,True,0.0,135.0,29.0,1,1,0,0,0,0,1,1,1,0,1,1,0,0,1,0,0,1,0,1,0,0,1,0,1,0,0,0,1,1,0,0,0,0,0,0,0,0,0,0,0,0,0.0,0.0,0.0,0.0,0.0,0.0,0.0,0.74,0.0,0.4,0.38,0.0,0.0,0.0,0.0,0.0,0.0,0.39,2018.0,2.0,27.0,2017,2,1,391.0,82.3170731707317,0.31666666666666665
333,333,False,4800.0,854.0,204.0,0,0,1,0,1,0,0,0,0,0,0,0,0,0,1,1,1,0,1,0,1,0,1,0,0,1,0,0,0,0,0,0,0,0,0,0,0,0,0,0,0,0,0.78,0.0,0.4,0.0,0.0,0.0,0.27,0.0,0.4,0.0,0.0,0.0,0.0,0.0,0.0,0.0,0.0,0.0,2019.0,6.0,27.0,2017,8,1,695.0,80.71833648393195,0.0
334,334,False,11800.0,27271.0,741.0,1,0,0,1,1,0,0,0,0,0,0,0,0,0,1,0,0,0,1,0,1,0,0,0,0,0,0,0,0,0,0,0,1,1,1,0,0,0,0,0,0,0,0.26,0.0,0.0,0.42,0.0,0.0,0.0,0.0,0.0,0.37,0.0,0.33,0.36,0.0,0.0,0.33,0.38,0.36,2019.0,6.0,28.0,2014,3,5,1941.0,97.35470512637441,0.0
335,335,False,2500.0,730.0,90.0,1,0,0,0,0,0,0,0,0,0,0,0,0,0,1,1,1,0,0,0,0,0,0,0,0,0,0,0,0,0,0,0,0,0,0,0,0,0,0,0,0,0,0.0,0.0,0.0,0.0,0.0,0.47,0.0,0.0,0.0,0.0,0.0,0.53,0.0,0.0,0.47,0.53,0.0,0.0,2019.0,2.0,27.0,2013,10,17,1959.0,89.02439024390245,0.0
336,336,False,4800.0,1949.0,94.0,0,0,0,0,1,0,0,0,0,0,0,0,0,0,1,0,0,0,0,0,0,0,0,0,0,0,0,0,0,0,1,0,0,0,0,0,0,0,0,0,1,0,0.31,0.0,0.0,0.0,0.5,0.35,0.0,0.0,0.0,0.0,0.41,0.0,0.0,0.5,0.35,0.0,0.0,0.0,2017.0,11.0,19.0,2017,10,12,38.0,95.39892315222713,0.6833333333333333
337,337,False,9900.0,2292.0,463.0,0,0,0,0,1,0,0,0,0,0,0,0,0,0,1,0,1,0,1,0,1,0,0,0,0,0,0,0,0,0,0,0,0,0,0,0,0,0,0,0,0,0,0.27,0.3,0.0,0.44,0.0,0.0,0.0,0.0,0.0,0.38,0.36,0.34,0.0,0.0,0.0,0.34,0.0,0.37,2019.0,7.0,24.0,2017,9,14,678.0,83.19419237749545,0.0
338,338,False,5000.0,5034.0,1589.0,1,0,0,0,0,0,0,0,0,0,0,0,0,0,1,0,0,0,1,0,1,0,0,0,0,0,0,0,0,0,0,0,0,0,0,0,0,0,0,0,0,0,0.43,0.48,0.0,0.0,0.0,0.0,0.0,0.0,0.0,0.0,0.0,0.54,0.0,0.0,0.0,0.54,0.0,0.0,2018.0,2.0,5.0,2016,8,2,552.0,76.00785142684585,0.0
339,339,False,3600.0,5641.0,687.0,1,0,1,0,0,0,0,0,0,0,0,0,0,0,1,1,1,0,0,0,1,0,0,0,0,0,0,0,0,0,0,0,1,1,0,0,0,0,0,0,0,0,0.0,0.0,0.0,0.0,0.46,0.33,0.31,0.0,0.0,0.0,0.0,0.37,0.0,0.46,0.33,0.37,0.0,0.0,2016.0,11.0,9.0,2012,8,6,1556.0,89.14348925410872,5.883333333333334
340,340,False,4000.0,58.0,0.0,0,0,1,0,1,0,0,0,0,0,0,0,0,0,1,1,1,0,1,0,1,0,0,1,0,0,0,0,0,0,0,0,0,0,0,0,0,0,0,0,0,0,0.69,0.0,0.0,0.0,0.0,0.0,0.72,0.0,0.0,0.0,0.0,0.0,0.0,0.0,0.0,0.0,0.0,0.0,2018.0,3.0,4.0,2015,9,3,913.0,100.0,0.08333333333333333
341,341,True,0.0,42.0,32.0,0,0,1,0,0,0,0,0,0,0,1,0,0,0,1,0,0,0,1,0,0,0,0,0,0,0,0,0,0,0,0,0,0,0,0,0,0,0,0,0,0,0,0.23,0.26,0.0,0.0,0.0,0.26,0.25,0.3,0.0,0.33,0.3,0.29,0.0,0.0,0.26,0.3,0.34,0.32,2016.0,12.0,3.0,2016,5,31,186.0,56.75675675675676,0.6166666666666667
342,342,False,7900.0,1142.0,108.0,1,0,1,0,0,0,0,0,0,0,0,0,0,0,1,1,1,0,0,0,1,0,0,0,0,0,0,0,0,0,0,0,1,1,0,0,0,0,0,0,0,0,0.0,0.0,0.0,0.0,0.46,0.33,0.31,0.0,0.0,0.0,0.0,0.37,0.0,0.46,0.33,0.37,0.0,0.0,2016.0,11.0,13.0,2012,11,6,1468.0,91.36,1.1166666666666667
343,343,False,7900.0,609.0,92.0,1,0,1,0,0,0,0,0,0,0,0,0,0,0,1,1,1,0,0,0,1,0,0,0,0,0,0,0,0,0,0,0,0,0,0,0,0,0,0,0,0,0,0.0,0.5,0.0,0.72,0.0,0.0,0.47,0.0,0.0,0.0,0.0,0.0,0.0,0.0,0.0,0.0,0.0,0.0,2018.0,4.0,21.0,2015,7,2,1024.0,86.87589158345222,0.0
344,344,False,4800.0,6383.0,833.0,1,0,1,1,0,1,0,0,0,0,0,0,0,0,1,1,1,0,0,0,0,1,0,0,0,0,0,0,0,0,0,0,0,0,0,0,0,0,1,0,0,0,0.0,0.23,0.0,0.33,0.33,0.0,0.22,0.0,0.0,0.0,0.0,0.26,0.28,0.33,0.0,0.26,0.6,0.0,2017.0,10.0,28.0,2013,7,25,1556.0,88.45620842572062,0.05
345,345,False,8000.0,31062.0,1077.0,0,0,1,0,0,1,0,0,0,0,0,0,0,0,1,1,1,0,1,0,1,1,0,1,0,0,0,1,0,0,0,0,1,1,1,0,0,0,0,0,0,0,0.0,0.0,0.0,0.5,0.0,0.35,0.33,0.0,0.0,0.0,0.0,0.0,0.43,0.0,0.35,0.0,0.46,0.0,2017.0,12.0,4.0,2019,1,23,-415.0,96.64893120507794,63.8
346,346,False,3600.0,1975.0,44.0,1,0,1,1,0,0,0,0,0,0,0,0,0,0,1,1,1,0,0,0,1,0,0,0,0,0,0,0,0,0,0,0,0,0,0,0,0,0,0,0,0,0,0.0,0.31,0.0,0.45,0.0,0.32,0.3,0.0,0.0,0.0,0.0,0.36,0.39,0.0,0.32,0.36,0.0,0.0,2019.0,2.0,27.0,2017,5,10,658.0,97.82070331847449,0.0
347,347,False,20800.0,23338.0,7681.0,1,0,0,0,1,0,0,0,0,0,0,0,0,0,1,1,0,1,0,1,0,0,1,0,0,0,0,0,0,0,0,0,0,0,0,0,0,0,0,1,0,0,0.15,0.17,0.46,0.0,0.0,0.0,0.0,0.19,0.46,0.21,0.59,0.0,0.0,0.0,0.0,0.0,0.22,0.21,2018.0,2.0,16.0,2017,3,6,347.0,75.23775750346562,23.63333333333333
348,348,False,2000.0,263.0,63.0,1,1,1,0,0,0,0,0,0,0,0,0,0,0,1,1,0,0,0,0,1,0,0,0,0,0,0,0,0,0,0,0,0,0,0,0,0,0,0,0,0,0,0.0,0.0,0.0,0.0,0.0,0.0,0.51,0.0,0.0,0.0,0.0,0.61,0.0,0.0,0.0,0.61,0.0,0.0,2019.0,3.0,28.0,2013,4,25,2163.0,80.67484662576688,0.0
349,349,False,4800.0,3083.0,202.0,0,0,1,1,1,0,0,0,0,0,0,0,0,0,1,1,0,0,1,0,1,0,1,0,0,1,1,0,0,0,0,1,0,0,0,0,0,0,0,0,0,0,0.19,0.0,0.59,0.0,0.0,0.22,0.2,0.25,0.59,0.0,0.0,0.0,0.27,0.0,0.22,0.0,0.0,0.0,2017.0,3.0,25.0,2016,7,21,247.0,93.85083713850837,0.3333333333333333
350,350,False,3700.0,11922.0,2303.0,0,0,0,0,1,0,0,0,0,0,0,0,0,0,1,1,1,0,1,1,1,0,1,1,0,0,0,1,0,0,0,0,0,0,0,0,0,0,0,0,0,0,0.25,0.28,0.38,0.0,0.0,0.0,0.0,0.32,0.38,0.35,0.33,0.0,0.35,0.0,0.0,0.0,0.0,0.34,2018.0,1.0,23.0,2014,10,10,1201.0,83.81019332161688,2.45
351,351,False,5000.0,106.0,23.0,1,0,1,1,1,0,0,0,0,0,0,0,0,0,1,1,1,0,1,0,1,0,0,0,0,0,0,0,0,0,0,0,0,0,0,0,0,0,0,0,0,0,0.54,0.2,0.0,0.29,0.0,0.2,0.19,0.0,0.0,0.25,0.0,0.23,0.5,0.0,0.2,0.23,0.0,0.24,2018.0,11.0,17.0,2017,5,5,561.0,82.17054263565892,0.0
352,352,False,8800.0,150.0,91.0,0,0,0,0,1,0,1,0,0,0,0,0,0,0,1,1,1,1,0,1,1,0,1,0,1,0,0,0,1,0,0,0,0,0,0,0,0,0,0,0,0,0,1.0,0.0,0.0,0.0,0.0,0.0,0.0,0.0,0.0,0.0,0.0,0.0,0.0,0.0,0.0,0.0,0.0,0.0,2017.0,11.0,24.0,2016,12,20,339.0,62.24066390041494,0.7833333333333333
353,353,False,6800.0,19008.0,4849.0,1,0,0,0,1,0,0,0,0,0,0,0,0,0,1,1,1,0,1,0,1,0,0,1,0,0,0,0,0,0,0,0,0,0,0,0,0,0,0,0,0,0,0.28,0.31,0.0,0.0,0.0,0.0,0.0,0.0,0.0,0.39,0.36,0.35,0.0,0.0,0.0,0.35,0.41,0.38,2018.0,8.0,15.0,2015,6,23,1149.0,79.67472859118917,0.0
354,354,False,8300.0,5099.0,1719.0,1,0,0,1,1,0,0,0,0,0,0,0,0,0,1,1,1,0,1,0,1,0,0,1,0,0,0,0,0,0,0,0,0,0,0,0,0,0,0,0,0,0,0.34,0.0,0.0,0.54,0.0,0.19,0.0,0.22,0.0,0.24,0.22,0.21,0.47,0.0,0.19,0.21,0.0,0.23,2018.0,1.0,30.0,2015,11,5,817.0,74.787327662071,0.0
355,355,False,6800.0,718.0,159.0,1,0,0,0,1,0,0,0,0,0,0,0,0,0,1,1,0,0,1,0,1,0,0,0,0,0,0,0,0,0,0,0,0,0,0,0,0,0,0,0,0,0,0.36,0.0,0.0,0.0,0.57,0.0,0.0,0.0,0.0,0.0,0.47,0.0,0.0,0.57,0.0,0.0,0.0,0.0,2017.0,9.0,23.0,2016,6,3,477.0,81.87001140250855,0.0
356,356,False,10000.0,915.0,102.0,0,0,1,0,0,1,0,0,0,0,0,0,0,0,1,0,0,0,0,1,0,0,1,0,0,0,1,0,0,1,0,0,0,0,0,0,0,0,0,0,0,0,0.0,0.0,0.0,0.31,0.0,0.0,0.2,0.25,0.0,0.0,0.0,0.0,0.27,0.0,0.0,0.0,0.85,0.0,2018.0,3.0,5.0,2013,12,5,1551.0,89.97050147492625,0.0
